No.,Time,Source,Destination,Protocol,Length,Info,lengths
40,1.857229,192.168.50.133,34.158.0.131,TCP,724,"55697  >  4070 [PSH, ACK] Seq=1 Ack=1 Win=1022 Len=670",670
41,1.882002,34.158.0.131,192.168.50.133,TCP,109,"4070  >  55697 [PSH, ACK] Seq=1 Ack=671 Win=16 Len=55",55
125,1.927688,192.168.50.133,34.158.0.131,TCP,54,55697  >  4070 [ACK] Seq=671 Ack=56 Win=1022 Len=0,0
7791,61.940085,192.168.50.133,34.158.0.131,TCP,65,"55697  >  4070 [PSH, ACK] Seq=671 Ack=56 Win=1022 Len=11",11
7792,61.964512,34.158.0.131,192.168.50.133,TCP,65,"4070  >  55697 [PSH, ACK] Seq=56 Ack=682 Win=16 Len=11",11
7793,62.016088,192.168.50.133,34.158.0.131,TCP,54,55697  >  4070 [ACK] Seq=682 Ack=67 Win=1022 Len=0,0
7837,66.539696,34.158.0.131,192.168.50.133,TCP,65,"4070  >  55697 [PSH, ACK] Seq=67 Ack=682 Win=16 Len=11[Malformed Packet]",11
7838,66.587125,192.168.50.133,34.158.0.131,TCP,54,55697  >  4070 [ACK] Seq=682 Ack=78 Win=1022 Len=0,0
8208,126.604201,192.168.50.133,34.158.0.131,TCP,65,"55697  >  4070 [PSH, ACK] Seq=682 Ack=78 Win=1022 Len=11",11
8209,126.62894,34.158.0.131,192.168.50.133,TCP,65,"4070  >  55697 [PSH, ACK] Seq=78 Ack=693 Win=16 Len=11",11
8210,126.682196,192.168.50.133,34.158.0.131,TCP,54,55697  >  4070 [ACK] Seq=693 Ack=89 Win=1022 Len=0,0
8415,158.122243,192.168.50.133,34.158.0.131,TCP,703,"55697  >  4070 [PSH, ACK] Seq=693 Ack=89 Win=1022 Len=649",649
8416,158.147493,34.158.0.131,192.168.50.133,TCP,109,"4070  >  55697 [PSH, ACK] Seq=89 Ack=1342 Win=16 Len=55",55
8429,158.196803,192.168.50.133,34.158.0.131,TCP,54,55697  >  4070 [ACK] Seq=1342 Ack=144 Win=1022 Len=0,0
17864,186.552984,34.158.0.131,192.168.50.133,TCP,65,"4070  >  55697 [PSH, ACK] Seq=144 Ack=1342 Win=16 Len=11",11
17865,186.599196,192.168.50.133,34.158.0.131,TCP,54,55697  >  4070 [ACK] Seq=1342 Ack=155 Win=1022 Len=0,0
19345,246.613687,192.168.50.133,34.158.0.131,TCP,65,"55697  >  4070 [PSH, ACK] Seq=1342 Ack=155 Win=1022 Len=11",11
19346,246.638374,34.158.0.131,192.168.50.133,TCP,65,"4070  >  55697 [PSH, ACK] Seq=155 Ack=1353 Win=16 Len=11",11
19347,246.691954,192.168.50.133,34.158.0.131,TCP,54,55697  >  4070 [ACK] Seq=1353 Ack=166 Win=1022 Len=0,0
19818,306.567372,34.158.0.131,192.168.50.133,TCP,65,"4070  >  55697 [PSH, ACK] Seq=166 Ack=1353 Win=16 Len=11",11
19819,306.60915,192.168.50.133,34.158.0.131,TCP,54,55697  >  4070 [ACK] Seq=1353 Ack=177 Win=1022 Len=0,0
19917,325.933549,192.168.50.133,34.158.0.131,TCP,702,"55697  >  4070 [PSH, ACK] Seq=1353 Ack=177 Win=1022 Len=648",648
19918,325.958702,34.158.0.131,192.168.50.133,TCP,109,"4070  >  55697 [PSH, ACK] Seq=177 Ack=2001 Win=16 Len=55",55
19920,326.003839,192.168.50.133,34.158.0.131,TCP,54,55697  >  4070 [ACK] Seq=2001 Ack=232 Win=1026 Len=0,0
23652,386.038776,192.168.50.133,34.158.0.131,TCP,65,"55697  >  4070 [PSH, ACK] Seq=2001 Ack=232 Win=1026 Len=11",11
23653,386.065111,34.158.0.131,192.168.50.133,TCP,65,"4070  >  55697 [PSH, ACK] Seq=232 Ack=2012 Win=16 Len=11",11
23654,386.116512,192.168.50.133,34.158.0.131,TCP,54,55697  >  4070 [ACK] Seq=2012 Ack=243 Win=1026 Len=0,0
23857,426.580513,34.158.0.131,192.168.50.133,TCP,65,"4070  >  55697 [PSH, ACK] Seq=243 Ack=2012 Win=16 Len=11",11
23858,426.624554,192.168.50.133,34.158.0.131,TCP,54,55697  >  4070 [ACK] Seq=2012 Ack=254 Win=1026 Len=0,0
24244,486.672005,192.168.50.133,34.158.0.131,TCP,65,"55697  >  4070 [PSH, ACK] Seq=2012 Ack=254 Win=1026 Len=11",11
24245,486.696707,34.158.0.131,192.168.50.133,TCP,65,"4070  >  55697 [PSH, ACK] Seq=254 Ack=2023 Win=16 Len=11",11
24248,486.750942,192.168.50.133,34.158.0.131,TCP,54,55697  >  4070 [ACK] Seq=2023 Ack=265 Win=1026 Len=0,0
24525,546.594054,34.158.0.131,192.168.50.133,TCP,65,"4070  >  55697 [PSH, ACK] Seq=265 Ack=2023 Win=16 Len=11",11
24526,546.647328,192.168.50.133,34.158.0.131,TCP,54,55697  >  4070 [ACK] Seq=2023 Ack=276 Win=1026 Len=0,0
24643,567.547187,192.168.50.133,34.158.0.131,TCP,702,"55697  >  4070 [PSH, ACK] Seq=2023 Ack=276 Win=1026 Len=648",648
24645,567.572659,34.158.0.131,192.168.50.133,TCP,109,"4070  >  55697 [PSH, ACK] Seq=276 Ack=2671 Win=16 Len=55",55
24648,567.621302,192.168.50.133,34.158.0.131,TCP,54,55697  >  4070 [ACK] Seq=2671 Ack=331 Win=1026 Len=0,0
30042,627.643542,192.168.50.133,34.158.0.131,TCP,65,"55697  >  4070 [PSH, ACK] Seq=2671 Ack=331 Win=1026 Len=11",11
30043,627.668131,34.158.0.131,192.168.50.133,TCP,65,"4070  >  55697 [PSH, ACK] Seq=331 Ack=2682 Win=16 Len=11",11
30044,627.72036,192.168.50.133,34.158.0.131,TCP,54,55697  >  4070 [ACK] Seq=2682 Ack=342 Win=1026 Len=0,0
30278,666.607694,34.158.0.131,192.168.50.133,TCP,65,"4070  >  55697 [PSH, ACK] Seq=342 Ack=2682 Win=16 Len=11",11
30279,666.659275,192.168.50.133,34.158.0.131,TCP,54,55697  >  4070 [ACK] Seq=2682 Ack=353 Win=1026 Len=0,0
30922,726.706976,192.168.50.133,34.158.0.131,TCP,65,"55697  >  4070 [PSH, ACK] Seq=2682 Ack=353 Win=1026 Len=11",11
30923,726.731427,34.158.0.131,192.168.50.133,TCP,65,"4070  >  55697 [PSH, ACK] Seq=353 Ack=2693 Win=16 Len=11",11
30924,726.785989,192.168.50.133,34.158.0.131,TCP,54,55697  >  4070 [ACK] Seq=2693 Ack=364 Win=1026 Len=0,0
31209,768.756313,192.168.50.133,34.158.0.131,TCP,702,"55697  >  4070 [PSH, ACK] Seq=2693 Ack=364 Win=1026 Len=648",648
31210,768.781399,34.158.0.131,192.168.50.133,TCP,109,"4070  >  55697 [PSH, ACK] Seq=364 Ack=3341 Win=16 Len=55",55
31212,768.827598,192.168.50.133,34.158.0.131,TCP,54,55697  >  4070 [ACK] Seq=3341 Ack=419 Win=1026 Len=0,0
36716,786.621259,34.158.0.131,192.168.50.133,TCP,65,"4070  >  55697 [PSH, ACK] Seq=419 Ack=3341 Win=16 Len=11",11
36717,786.676432,192.168.50.133,34.158.0.131,TCP,54,55697  >  4070 [ACK] Seq=3341 Ack=430 Win=1026 Len=0,0
37057,846.703922,192.168.50.133,34.158.0.131,TCP,65,"55697  >  4070 [PSH, ACK] Seq=3341 Ack=430 Win=1026 Len=11",11
37058,846.728588,34.158.0.131,192.168.50.133,TCP,65,"4070  >  55697 [PSH, ACK] Seq=430 Ack=3352 Win=16 Len=11",11
37059,846.781886,192.168.50.133,34.158.0.131,TCP,54,55697  >  4070 [ACK] Seq=3352 Ack=441 Win=1026 Len=0,0
37343,906.634439,34.158.0.131,192.168.50.133,TCP,65,"4070  >  55697 [PSH, ACK] Seq=441 Ack=3352 Win=16 Len=11",11
37344,906.679107,192.168.50.133,34.158.0.131,TCP,54,55697  >  4070 [ACK] Seq=3352 Ack=452 Win=1026 Len=0,0
37444,931.895013,192.168.50.133,34.158.0.131,TCP,702,"55697  >  4070 [PSH, ACK] Seq=3352 Ack=452 Win=1026 Len=648",648
37445,931.92227,34.158.0.131,192.168.50.133,TCP,109,"4070  >  55697 [PSH, ACK] Seq=452 Ack=4000 Win=16 Len=55",55
37447,931.967107,192.168.50.133,34.158.0.131,TCP,54,55697  >  4070 [ACK] Seq=4000 Ack=507 Win=1025 Len=0,0
41776,992.004242,192.168.50.133,34.158.0.131,TCP,65,"55697  >  4070 [PSH, ACK] Seq=4000 Ack=507 Win=1025 Len=11",11
41777,992.029041,34.158.0.131,192.168.50.133,TCP,65,"4070  >  55697 [PSH, ACK] Seq=507 Ack=4011 Win=16 Len=11",11
41778,992.08185,192.168.50.133,34.158.0.131,TCP,54,55697  >  4070 [ACK] Seq=4011 Ack=518 Win=1025 Len=0,0
42104,1026.647903,34.158.0.131,192.168.50.133,TCP,65,"4070  >  55697 [PSH, ACK] Seq=518 Ack=4011 Win=16 Len=11",11
42105,1026.694381,192.168.50.133,34.158.0.131,TCP,54,55697  >  4070 [ACK] Seq=4011 Ack=529 Win=1025 Len=0,0
42516,1086.702009,192.168.50.133,34.158.0.131,TCP,65,"55697  >  4070 [PSH, ACK] Seq=4011 Ack=529 Win=1025 Len=11",11
42517,1086.72645,34.158.0.131,192.168.50.133,TCP,65,"4070  >  55697 [PSH, ACK] Seq=529 Ack=4022 Win=16 Len=11",11
42518,1086.780196,192.168.50.133,34.158.0.131,TCP,54,55697  >  4070 [ACK] Seq=4022 Ack=540 Win=1025 Len=0,0
42803,1146.661105,34.158.0.131,192.168.50.133,TCP,65,"4070  >  55697 [PSH, ACK] Seq=540 Ack=4022 Win=16 Len=11",11
42804,1146.713667,192.168.50.133,34.158.0.131,TCP,54,55697  >  4070 [ACK] Seq=4022 Ack=551 Win=1025 Len=0,0
43076,1195.374952,192.168.50.133,34.158.0.131,TCP,702,"55697  >  4070 [PSH, ACK] Seq=4022 Ack=551 Win=1025 Len=648",648
43078,1195.400172,34.158.0.131,192.168.50.133,TCP,109,"4070  >  55697 [PSH, ACK] Seq=551 Ack=4670 Win=16 Len=55",55
43080,1195.447247,192.168.50.133,34.158.0.131,TCP,54,55697  >  4070 [ACK] Seq=4670 Ack=606 Win=1025 Len=0,0
47623,1255.475806,192.168.50.133,34.158.0.131,TCP,65,"55697  >  4070 [PSH, ACK] Seq=4670 Ack=606 Win=1025 Len=11",11
47624,1255.506802,34.158.0.131,192.168.50.133,TCP,65,"4070  >  55697 [PSH, ACK] Seq=606 Ack=4681 Win=16 Len=11",11
47625,1255.55218,192.168.50.133,34.158.0.131,TCP,54,55697  >  4070 [ACK] Seq=4681 Ack=617 Win=1025 Len=0,0
47655,1266.675244,34.158.0.131,192.168.50.133,TCP,65,"4070  >  55697 [PSH, ACK] Seq=617 Ack=4681 Win=16 Len=11",11
47656,1266.724946,192.168.50.133,34.158.0.131,TCP,54,55697  >  4070 [ACK] Seq=4681 Ack=628 Win=1025 Len=0,0
47959,1326.73777,192.168.50.133,34.158.0.131,TCP,65,"55697  >  4070 [PSH, ACK] Seq=4681 Ack=628 Win=1025 Len=11",11
47960,1326.762755,34.158.0.131,192.168.50.133,TCP,65,"4070  >  55697 [PSH, ACK] Seq=628 Ack=4692 Win=16 Len=11",11
47961,1326.814805,192.168.50.133,34.158.0.131,TCP,54,55697  >  4070 [ACK] Seq=4692 Ack=639 Win=1025 Len=0,0
48356,1386.689352,34.158.0.131,192.168.50.133,TCP,65,"4070  >  55697 [PSH, ACK] Seq=639 Ack=4692 Win=16 Len=11",11
48357,1386.741402,192.168.50.133,34.158.0.131,TCP,54,55697  >  4070 [ACK] Seq=4692 Ack=650 Win=1025 Len=0,0
48739,1446.742807,192.168.50.133,34.158.0.131,TCP,65,"55697  >  4070 [PSH, ACK] Seq=4692 Ack=650 Win=1025 Len=11",11
48740,1446.76801,34.158.0.131,192.168.50.133,TCP,65,"4070  >  55697 [PSH, ACK] Seq=650 Ack=4703 Win=16 Len=11",11
48741,1446.819528,192.168.50.133,34.158.0.131,TCP,54,55697  >  4070 [ACK] Seq=4703 Ack=661 Win=1025 Len=0,0
48755,1451.570265,192.168.50.133,34.158.0.131,TCP,702,"55697  >  4070 [PSH, ACK] Seq=4703 Ack=661 Win=1025 Len=648",648
48756,1451.596137,34.158.0.131,192.168.50.133,TCP,109,"4070  >  55697 [PSH, ACK] Seq=661 Ack=5351 Win=16 Len=55",55
48759,1451.645447,192.168.50.133,34.158.0.131,TCP,54,55697  >  4070 [ACK] Seq=5351 Ack=716 Win=1024 Len=0,0
51938,1506.702875,34.158.0.131,192.168.50.133,TCP,65,"4070  >  55697 [PSH, ACK] Seq=716 Ack=5351 Win=16 Len=11",11
51939,1506.754178,192.168.50.133,34.158.0.131,TCP,54,55697  >  4070 [ACK] Seq=5351 Ack=727 Win=1024 Len=0,0
52353,1566.766651,192.168.50.133,34.158.0.131,TCP,65,"55697  >  4070 [PSH, ACK] Seq=5351 Ack=727 Win=1024 Len=11",11
52354,1566.791433,34.158.0.131,192.168.50.133,TCP,65,"4070  >  55697 [PSH, ACK] Seq=727 Ack=5362 Win=16 Len=11",11
52355,1566.84421,192.168.50.133,34.158.0.131,TCP,54,55697  >  4070 [ACK] Seq=5362 Ack=738 Win=1024 Len=0,0
52698,1626.716944,34.158.0.131,192.168.50.133,TCP,65,"4070  >  55697 [PSH, ACK] Seq=738 Ack=5362 Win=16 Len=11",11
52699,1626.760601,192.168.50.133,34.158.0.131,TCP,54,55697  >  4070 [ACK] Seq=5362 Ack=749 Win=1024 Len=0,0
52702,1627.307945,192.168.50.133,34.158.0.131,TCP,702,"55697  >  4070 [PSH, ACK] Seq=5362 Ack=749 Win=1024 Len=648",648
52704,1627.333269,34.158.0.131,192.168.50.133,TCP,109,"4070  >  55697 [PSH, ACK] Seq=749 Ack=6010 Win=16 Len=55",55
52707,1627.381806,192.168.50.133,34.158.0.131,TCP,54,55697  >  4070 [ACK] Seq=6010 Ack=804 Win=1024 Len=0,0
57798,1687.405726,192.168.50.133,34.158.0.131,TCP,65,"55697  >  4070 [PSH, ACK] Seq=6010 Ack=804 Win=1024 Len=11",11
57799,1687.430403,34.158.0.131,192.168.50.133,TCP,65,"4070  >  55697 [PSH, ACK] Seq=804 Ack=6021 Win=16 Len=11",11
57800,1687.484153,192.168.50.133,34.158.0.131,TCP,54,55697  >  4070 [ACK] Seq=6021 Ack=815 Win=1024 Len=0,0
58119,1746.73056,34.158.0.131,192.168.50.133,TCP,65,"4070  >  55697 [PSH, ACK] Seq=815 Ack=6021 Win=16 Len=11",11
58120,1746.772285,192.168.50.133,34.158.0.131,TCP,54,55697  >  4070 [ACK] Seq=6021 Ack=826 Win=1024 Len=0,0
58431,1806.837624,192.168.50.133,34.158.0.131,TCP,65,"55697  >  4070 [PSH, ACK] Seq=6021 Ack=826 Win=1024 Len=11",11
58432,1806.862088,34.158.0.131,192.168.50.133,TCP,65,"4070  >  55697 [PSH, ACK] Seq=826 Ack=6032 Win=16 Len=11",11
58433,1806.916013,192.168.50.133,34.158.0.131,TCP,54,55697  >  4070 [ACK] Seq=6032 Ack=837 Win=1024 Len=0,0
58502,1826.748498,192.168.50.133,34.158.0.131,TCP,702,"55697  >  4070 [PSH, ACK] Seq=6032 Ack=837 Win=1024 Len=648",648
58503,1826.773978,34.158.0.131,192.168.50.133,TCP,109,"4070  >  55697 [PSH, ACK] Seq=837 Ack=6680 Win=16 Len=55",55
58505,1826.822915,192.168.50.133,34.158.0.131,TCP,54,55697  >  4070 [ACK] Seq=6680 Ack=892 Win=1024 Len=0,0
62528,1866.743918,34.158.0.131,192.168.50.133,TCP,65,"4070  >  55697 [PSH, ACK] Seq=892 Ack=6680 Win=16 Len=11",11
62530,1866.793405,192.168.50.133,34.158.0.131,TCP,54,55697  >  4070 [ACK] Seq=6680 Ack=903 Win=1024 Len=0,0
62810,1926.80514,192.168.50.133,34.158.0.131,TCP,65,"55697  >  4070 [PSH, ACK] Seq=6680 Ack=903 Win=1024 Len=11",11
62813,1926.83018,34.158.0.131,192.168.50.133,TCP,65,"4070  >  55697 [PSH, ACK] Seq=903 Ack=6691 Win=16 Len=11",11
62816,1926.881792,192.168.50.133,34.158.0.131,TCP,54,55697  >  4070 [ACK] Seq=6691 Ack=914 Win=1024 Len=0,0
62910,1953.518592,192.168.50.133,34.158.0.131,TCP,702,"55697  >  4070 [PSH, ACK] Seq=6691 Ack=914 Win=1024 Len=648",648
62911,1953.543615,34.158.0.131,192.168.50.133,TCP,109,"4070  >  55697 [PSH, ACK] Seq=914 Ack=7339 Win=16 Len=55",55
62913,1953.59071,192.168.50.133,34.158.0.131,TCP,54,55697  >  4070 [ACK] Seq=7339 Ack=969 Win=1023 Len=0,0
65384,1986.758738,34.158.0.131,192.168.50.133,TCP,65,"4070  >  55697 [PSH, ACK] Seq=969 Ack=7339 Win=16 Len=11",11
65385,1986.803808,192.168.50.133,34.158.0.131,TCP,54,55697  >  4070 [ACK] Seq=7339 Ack=980 Win=1023 Len=0,0
66197,2046.835712,192.168.50.133,34.158.0.131,TCP,65,"55697  >  4070 [PSH, ACK] Seq=7339 Ack=980 Win=1023 Len=11",11
66198,2046.865997,34.158.0.131,192.168.50.133,TCP,65,"4070  >  55697 [PSH, ACK] Seq=980 Ack=7350 Win=16 Len=11",11
66199,2046.912437,192.168.50.133,34.158.0.131,TCP,54,55697  >  4070 [ACK] Seq=7350 Ack=991 Win=1023 Len=0,0
66512,2106.771537,34.158.0.131,192.168.50.133,TCP,65,"4070  >  55697 [PSH, ACK] Seq=991 Ack=7350 Win=16 Len=11",11
66513,2106.822241,192.168.50.133,34.158.0.131,TCP,54,55697  >  4070 [ACK] Seq=7350 Ack=1002 Win=1023 Len=0,0
66838,2166.822902,192.168.50.133,34.158.0.131,TCP,65,"55697  >  4070 [PSH, ACK] Seq=7350 Ack=1002 Win=1023 Len=11",11
66839,2166.847289,34.158.0.131,192.168.50.133,TCP,65,"4070  >  55697 [PSH, ACK] Seq=1002 Ack=7361 Win=16 Len=11",11
66841,2166.900381,192.168.50.133,34.158.0.131,TCP,54,55697  >  4070 [ACK] Seq=7361 Ack=1013 Win=1023 Len=0,0
66916,2193.401327,192.168.50.133,34.158.0.131,TCP,702,"55697  >  4070 [PSH, ACK] Seq=7361 Ack=1013 Win=1023 Len=648",648
66918,2193.426455,34.158.0.131,192.168.50.133,TCP,109,"4070  >  55697 [PSH, ACK] Seq=1013 Ack=8009 Win=16 Len=55",55
66920,2193.471439,192.168.50.133,34.158.0.131,TCP,54,55697  >  4070 [ACK] Seq=8009 Ack=1068 Win=1023 Len=0,0
71232,2226.784395,34.158.0.131,192.168.50.133,TCP,65,"4070  >  55697 [PSH, ACK] Seq=1068 Ack=8009 Win=16 Len=11",11
71233,2226.83771,192.168.50.133,34.158.0.131,TCP,54,55697  >  4070 [ACK] Seq=8009 Ack=1079 Win=1023 Len=0,0
71619,2286.843794,192.168.50.133,34.158.0.131,TCP,65,"55697  >  4070 [PSH, ACK] Seq=8009 Ack=1079 Win=1023 Len=11",11
71620,2286.86834,34.158.0.131,192.168.50.133,TCP,65,"4070  >  55697 [PSH, ACK] Seq=1079 Ack=8020 Win=16 Len=11",11
71621,2286.922562,192.168.50.133,34.158.0.131,TCP,54,55697  >  4070 [ACK] Seq=8020 Ack=1090 Win=1023 Len=0,0
71941,2346.799135,34.158.0.131,192.168.50.133,TCP,65,"4070  >  55697 [PSH, ACK] Seq=1090 Ack=8020 Win=16 Len=11",11
71942,2346.840743,192.168.50.133,34.158.0.131,TCP,54,55697  >  4070 [ACK] Seq=8020 Ack=1101 Win=1023 Len=0,0
72096,2372.476587,192.168.50.133,34.158.0.131,TCP,702,"55697  >  4070 [PSH, ACK] Seq=8020 Ack=1101 Win=1023 Len=648",648
72099,2372.550502,34.158.0.131,192.168.50.133,TCP,60,4070  >  55697 [ACK] Seq=1101 Ack=8668 Win=16 Len=0,0
72241,2372.635721,34.158.0.131,192.168.50.133,TCP,109,"4070  >  55697 [PSH, ACK] Seq=1101 Ack=8668 Win=16 Len=55",55
72247,2372.689646,192.168.50.133,34.158.0.131,TCP,54,55697  >  4070 [ACK] Seq=8668 Ack=1156 Win=1023 Len=0,0
76482,2432.709871,192.168.50.133,34.158.0.131,TCP,65,"55697  >  4070 [PSH, ACK] Seq=8668 Ack=1156 Win=1023 Len=11",11
76483,2432.733925,34.158.0.131,192.168.50.133,TCP,60,4070  >  55697 [ACK] Seq=1156 Ack=8679 Win=16 Len=0,0
76484,2432.743265,34.158.0.131,192.168.50.133,TCP,65,"4070  >  55697 [PSH, ACK] Seq=1156 Ack=8679 Win=16 Len=11",11
76485,2432.787918,192.168.50.133,34.158.0.131,TCP,54,55697  >  4070 [ACK] Seq=8679 Ack=1167 Win=1023 Len=0,0
76792,2466.812527,34.158.0.131,192.168.50.133,TCP,65,"4070  >  55697 [PSH, ACK] Seq=1167 Ack=8679 Win=16 Len=11",11
76793,2466.854053,192.168.50.133,34.158.0.131,TCP,54,55697  >  4070 [ACK] Seq=8679 Ack=1178 Win=1023 Len=0,0
76985,2503.941198,192.168.50.133,34.158.0.131,TCP,702,"55697  >  4070 [PSH, ACK] Seq=8679 Ack=1178 Win=1023 Len=648",648
76986,2503.96547,34.158.0.131,192.168.50.133,TCP,60,4070  >  55697 [ACK] Seq=1178 Ack=9327 Win=16 Len=0,0
76987,2503.965971,34.158.0.131,192.168.50.133,TCP,109,"4070  >  55697 [PSH, ACK] Seq=1178 Ack=9327 Win=16 Len=55",55
76989,2504.011494,192.168.50.133,34.158.0.131,TCP,54,55697  >  4070 [ACK] Seq=9327 Ack=1233 Win=1022 Len=0,0
82605,2564.076803,192.168.50.133,34.158.0.131,TCP,65,"55697  >  4070 [PSH, ACK] Seq=9327 Ack=1233 Win=1022 Len=11",11
82606,2564.101056,34.158.0.131,192.168.50.133,TCP,60,4070  >  55697 [ACK] Seq=1233 Ack=9338 Win=16 Len=0,0
82607,2564.101056,34.158.0.131,192.168.50.133,TCP,65,"4070  >  55697 [PSH, ACK] Seq=1233 Ack=9338 Win=16 Len=11",11
82608,2564.153981,192.168.50.133,34.158.0.131,TCP,54,55697  >  4070 [ACK] Seq=9338 Ack=1244 Win=1022 Len=0,0
82781,2586.826533,34.158.0.131,192.168.50.133,TCP,65,"4070  >  55697 [PSH, ACK] Seq=1244 Ack=9338 Win=16 Len=11",11
82782,2586.868691,192.168.50.133,34.158.0.131,TCP,54,55697  >  4070 [ACK] Seq=9338 Ack=1255 Win=1022 Len=0,0
83147,2646.908257,192.168.50.133,34.158.0.131,TCP,65,"55697  >  4070 [PSH, ACK] Seq=9338 Ack=1255 Win=1022 Len=11",11
83148,2646.932845,34.158.0.131,192.168.50.133,TCP,65,"4070  >  55697 [PSH, ACK] Seq=1255 Ack=9349 Win=16 Len=11",11
83149,2646.986436,192.168.50.133,34.158.0.131,TCP,54,55697  >  4070 [ACK] Seq=9349 Ack=1266 Win=1022 Len=0,0
83350,2689.068261,192.168.50.133,34.158.0.131,TCP,702,"55697  >  4070 [PSH, ACK] Seq=9349 Ack=1266 Win=1022 Len=648",648
83351,2689.095059,34.158.0.131,192.168.50.133,TCP,109,"4070  >  55697 [PSH, ACK] Seq=1266 Ack=9997 Win=16 Len=55",55
83353,2689.142033,192.168.50.133,34.158.0.131,TCP,54,55697  >  4070 [ACK] Seq=9997 Ack=1321 Win=1022 Len=0,0
88093,2706.841195,34.158.0.131,192.168.50.133,TCP,65,"4070  >  55697 [PSH, ACK] Seq=1321 Ack=9997 Win=16 Len=11",11
88094,2706.881986,192.168.50.133,34.158.0.131,TCP,54,55697  >  4070 [ACK] Seq=9997 Ack=1332 Win=1022 Len=0,0
88428,2766.909738,192.168.50.133,34.158.0.131,TCP,65,"55697  >  4070 [PSH, ACK] Seq=9997 Ack=1332 Win=1022 Len=11",11
88429,2766.934087,34.158.0.131,192.168.50.133,TCP,65,"4070  >  55697 [PSH, ACK] Seq=1332 Ack=10008 Win=16 Len=11",11
88430,2766.987436,192.168.50.133,34.158.0.131,TCP,54,55697  >  4070 [ACK] Seq=10008 Ack=1343 Win=1022 Len=0,0
88716,2826.854345,34.158.0.131,192.168.50.133,TCP,65,"4070  >  55697 [PSH, ACK] Seq=1343 Ack=10008 Win=16 Len=11",11
88717,2826.904816,192.168.50.133,34.158.0.131,TCP,54,55697  >  4070 [ACK] Seq=10008 Ack=1354 Win=1022 Len=0,0
89112,2886.919306,192.168.50.133,34.158.0.131,TCP,65,"55697  >  4070 [PSH, ACK] Seq=10008 Ack=1354 Win=1022 Len=11",11
89113,2886.944161,34.158.0.131,192.168.50.133,TCP,65,"4070  >  55697 [PSH, ACK] Seq=1354 Ack=10019 Win=16 Len=11",11
89114,2886.99589,192.168.50.133,34.158.0.131,TCP,54,55697  >  4070 [ACK] Seq=10019 Ack=1365 Win=1022 Len=0,0
89156,2896.763301,192.168.50.133,34.158.0.131,TCP,734,"55697  >  4070 [PSH, ACK] Seq=10019 Ack=1365 Win=1022 Len=680",680
89158,2896.788564,34.158.0.131,192.168.50.133,TCP,109,"4070  >  55697 [PSH, ACK] Seq=1365 Ack=10699 Win=16 Len=55",55
89160,2896.839102,192.168.50.133,34.158.0.131,TCP,54,55697  >  4070 [ACK] Seq=10699 Ack=1420 Win=1022 Len=0,0
92476,2946.868449,34.158.0.131,192.168.50.133,TCP,65,"4070  >  55697 [PSH, ACK] Seq=1420 Ack=10699 Win=16 Len=11",11
92477,2946.920315,192.168.50.133,34.158.0.131,TCP,54,55697  >  4070 [ACK] Seq=10699 Ack=1431 Win=1022 Len=0,0
92771,3006.944832,192.168.50.133,34.158.0.131,TCP,65,"55697  >  4070 [PSH, ACK] Seq=10699 Ack=1431 Win=1022 Len=11",11
92772,3006.969277,34.158.0.131,192.168.50.133,TCP,65,"4070  >  55697 [PSH, ACK] Seq=1431 Ack=10710 Win=16 Len=11[Malformed Packet]",11
92773,3007.02244,192.168.50.133,34.158.0.131,TCP,54,55697  >  4070 [ACK] Seq=10710 Ack=1442 Win=1022 Len=0,0
93064,3066.881577,34.158.0.131,192.168.50.133,TCP,65,"4070  >  55697 [PSH, ACK] Seq=1442 Ack=10710 Win=16 Len=11",11
93065,3066.935577,192.168.50.133,34.158.0.131,TCP,54,55697  >  4070 [ACK] Seq=10710 Ack=1453 Win=1022 Len=0,0
93322,3126.944024,192.168.50.133,34.158.0.131,TCP,65,"55697  >  4070 [PSH, ACK] Seq=10710 Ack=1453 Win=1022 Len=11",11
93323,3126.968437,34.158.0.131,192.168.50.133,TCP,65,"4070  >  55697 [PSH, ACK] Seq=1453 Ack=10721 Win=16 Len=11",11
93324,3127.021725,192.168.50.133,34.158.0.131,TCP,54,55697  >  4070 [ACK] Seq=10721 Ack=1464 Win=1022 Len=0,0
93371,3140.992005,192.168.50.133,34.158.0.131,TCP,702,"55697  >  4070 [PSH, ACK] Seq=10721 Ack=1464 Win=1022 Len=648",648
93372,3141.017464,34.158.0.131,192.168.50.133,TCP,109,"4070  >  55697 [PSH, ACK] Seq=1464 Ack=11369 Win=16 Len=55",55
93374,3141.067856,192.168.50.133,34.158.0.131,TCP,54,55697  >  4070 [ACK] Seq=11369 Ack=1519 Win=1026 Len=0,0
96942,3186.897777,34.158.0.131,192.168.50.133,TCP,65,"4070  >  55697 [PSH, ACK] Seq=1519 Ack=11369 Win=16 Len=11",11
96951,3186.946352,192.168.50.133,34.158.0.131,TCP,54,55697  >  4070 [ACK] Seq=11369 Ack=1530 Win=1026 Len=0,0
97315,3246.975883,192.168.50.133,34.158.0.131,TCP,65,"55697  >  4070 [PSH, ACK] Seq=11369 Ack=1530 Win=1026 Len=11",11
97316,3247.000237,34.158.0.131,192.168.50.133,TCP,65,"4070  >  55697 [PSH, ACK] Seq=1530 Ack=11380 Win=16 Len=11",11
97317,3247.053617,192.168.50.133,34.158.0.131,TCP,54,55697  >  4070 [ACK] Seq=11380 Ack=1541 Win=1026 Len=0,0
97599,3306.911846,34.158.0.131,192.168.50.133,TCP,65,"4070  >  55697 [PSH, ACK] Seq=1541 Ack=11380 Win=16 Len=11",11
97600,3306.959412,192.168.50.133,34.158.0.131,TCP,54,55697  >  4070 [ACK] Seq=11380 Ack=1552 Win=1026 Len=0,0
97949,3367.001631,192.168.50.133,34.158.0.131,TCP,65,"55697  >  4070 [PSH, ACK] Seq=11380 Ack=1552 Win=1026 Len=11",11
97950,3367.025879,34.158.0.131,192.168.50.133,TCP,65,"4070  >  55697 [PSH, ACK] Seq=1552 Ack=11391 Win=16 Len=11",11
97951,3367.079038,192.168.50.133,34.158.0.131,TCP,54,55697  >  4070 [ACK] Seq=11391 Ack=1563 Win=1026 Len=0,0
98006,3385.865417,192.168.50.133,34.158.0.131,TCP,734,"55697  >  4070 [PSH, ACK] Seq=11391 Ack=1563 Win=1026 Len=680",680
98007,3385.890901,34.158.0.131,192.168.50.133,TCP,109,"4070  >  55697 [PSH, ACK] Seq=1563 Ack=12071 Win=16 Len=55",55
98009,3385.939198,192.168.50.133,34.158.0.131,TCP,54,55697  >  4070 [ACK] Seq=12071 Ack=1618 Win=1026 Len=0,0
103626,3426.925222,34.158.0.131,192.168.50.133,TCP,65,"4070  >  55697 [PSH, ACK] Seq=1618 Ack=12071 Win=16 Len=11",11
103627,3426.976448,192.168.50.133,34.158.0.131,TCP,54,55697  >  4070 [ACK] Seq=12071 Ack=1629 Win=1026 Len=0,0
104033,3487.013188,192.168.50.133,34.158.0.131,TCP,65,"55697  >  4070 [PSH, ACK] Seq=12071 Ack=1629 Win=1026 Len=11",11
104034,3487.037477,34.158.0.131,192.168.50.133,TCP,65,"4070  >  55697 [PSH, ACK] Seq=1629 Ack=12082 Win=16 Len=11",11
104035,3487.089883,192.168.50.133,34.158.0.131,TCP,54,55697  >  4070 [ACK] Seq=12082 Ack=1640 Win=1026 Len=0,0
104261,3520.638149,192.168.50.133,34.158.0.131,TCP,702,"55697  >  4070 [PSH, ACK] Seq=12082 Ack=1640 Win=1026 Len=648",648
104262,3520.663608,34.158.0.131,192.168.50.133,TCP,109,"4070  >  55697 [PSH, ACK] Seq=1640 Ack=12730 Win=16 Len=55",55
104264,3520.712189,192.168.50.133,34.158.0.131,TCP,54,55697  >  4070 [ACK] Seq=12730 Ack=1695 Win=1026 Len=0,0
108547,3546.938425,34.158.0.131,192.168.50.133,TCP,65,"4070  >  55697 [PSH, ACK] Seq=1695 Ack=12730 Win=16 Len=11",11
108549,3546.989651,192.168.50.133,34.158.0.131,TCP,54,55697  >  4070 [ACK] Seq=12730 Ack=1706 Win=1026 Len=0,0
108859,3606.995066,192.168.50.133,34.158.0.131,TCP,65,"55697  >  4070 [PSH, ACK] Seq=12730 Ack=1706 Win=1026 Len=11",11
108861,3607.019777,34.158.0.131,192.168.50.133,TCP,65,"4070  >  55697 [PSH, ACK] Seq=1706 Ack=12741 Win=16 Len=11",11
108863,3607.072283,192.168.50.133,34.158.0.131,TCP,54,55697  >  4070 [ACK] Seq=12741 Ack=1717 Win=1026 Len=0,0
109155,3666.952214,34.158.0.131,192.168.50.133,TCP,65,"4070  >  55697 [PSH, ACK] Seq=1717 Ack=12741 Win=16 Len=11",11
109156,3666.992668,192.168.50.133,34.158.0.131,TCP,54,55697  >  4070 [ACK] Seq=12741 Ack=1728 Win=1026 Len=0,0
109169,3669.615298,192.168.50.133,34.158.0.131,TCP,702,"55697  >  4070 [PSH, ACK] Seq=12741 Ack=1728 Win=1026 Len=648",648
109171,3669.640135,34.158.0.131,192.168.50.133,TCP,109,"4070  >  55697 [PSH, ACK] Seq=1728 Ack=13389 Win=16 Len=55",55
109173,3669.688746,192.168.50.133,34.158.0.131,TCP,54,55697  >  4070 [ACK] Seq=13389 Ack=1783 Win=1025 Len=0,0
114186,3729.704215,192.168.50.133,34.158.0.131,TCP,65,"55697  >  4070 [PSH, ACK] Seq=13389 Ack=1783 Win=1025 Len=11",11
114187,3729.728994,34.158.0.131,192.168.50.133,TCP,65,"4070  >  55697 [PSH, ACK] Seq=1783 Ack=13400 Win=16 Len=11",11
114189,3729.782536,192.168.50.133,34.158.0.131,TCP,54,55697  >  4070 [ACK] Seq=13400 Ack=1794 Win=1025 Len=0,0
114603,3786.966174,34.158.0.131,192.168.50.133,TCP,65,"4070  >  55697 [PSH, ACK] Seq=1794 Ack=13400 Win=16 Len=11",11
114604,3787.015175,192.168.50.133,34.158.0.131,TCP,54,55697  >  4070 [ACK] Seq=13400 Ack=1805 Win=1025 Len=0,0
114895,3847.027537,192.168.50.133,34.158.0.131,TCP,65,"55697  >  4070 [PSH, ACK] Seq=13400 Ack=1805 Win=1025 Len=11",11
114896,3847.05931,34.158.0.131,192.168.50.133,TCP,65,"4070  >  55697 [PSH, ACK] Seq=1805 Ack=13411 Win=16 Len=11",11
114897,3847.105203,192.168.50.133,34.158.0.131,TCP,54,55697  >  4070 [ACK] Seq=13411 Ack=1816 Win=1025 Len=0,0
115181,3906.979522,34.158.0.131,192.168.50.133,TCP,65,"4070  >  55697 [PSH, ACK] Seq=1816 Ack=13411 Win=16 Len=11",11
115184,3907.024579,192.168.50.133,34.158.0.131,TCP,54,55697  >  4070 [ACK] Seq=13411 Ack=1827 Win=1025 Len=0,0
115269,3930.397082,192.168.50.133,34.158.0.131,TCP,702,"55697  >  4070 [PSH, ACK] Seq=13411 Ack=1827 Win=1025 Len=648",648
115270,3930.421953,34.158.0.131,192.168.50.133,TCP,109,"4070  >  55697 [PSH, ACK] Seq=1827 Ack=14059 Win=16 Len=55",55
115272,3930.470548,192.168.50.133,34.158.0.131,TCP,54,55697  >  4070 [ACK] Seq=14059 Ack=1882 Win=1025 Len=0,0
120055,3990.507839,192.168.50.133,34.158.0.131,TCP,65,"55697  >  4070 [PSH, ACK] Seq=14059 Ack=1882 Win=1025 Len=11",11
120056,3990.535646,34.158.0.131,192.168.50.133,TCP,65,"4070  >  55697 [PSH, ACK] Seq=1882 Ack=14070 Win=16 Len=11",11
120057,3990.585079,192.168.50.133,34.158.0.131,TCP,54,55697  >  4070 [ACK] Seq=14070 Ack=1893 Win=1025 Len=0,0
120238,4026.992378,34.158.0.131,192.168.50.133,TCP,65,"4070  >  55697 [PSH, ACK] Seq=1893 Ack=14070 Win=16 Len=11",11
120239,4027.047425,192.168.50.133,34.158.0.131,TCP,54,55697  >  4070 [ACK] Seq=14070 Ack=1904 Win=1025 Len=0,0
120662,4087.081348,192.168.50.133,34.158.0.131,TCP,65,"55697  >  4070 [PSH, ACK] Seq=14070 Ack=1904 Win=1025 Len=11[Malformed Packet]",11
120663,4087.105923,34.158.0.131,192.168.50.133,TCP,65,"4070  >  55697 [PSH, ACK] Seq=1904 Ack=14081 Win=16 Len=11",11
120664,4087.15911,192.168.50.133,34.158.0.131,TCP,54,55697  >  4070 [ACK] Seq=14081 Ack=1915 Win=1025 Len=0,0
120874,4127.504535,192.168.50.133,34.158.0.131,TCP,702,"55697  >  4070 [PSH, ACK] Seq=14081 Ack=1915 Win=1025 Len=648",648
120875,4127.529891,34.158.0.131,192.168.50.133,TCP,109,"4070  >  55697 [PSH, ACK] Seq=1915 Ack=14729 Win=16 Len=55",55
120879,4127.575841,192.168.50.133,34.158.0.131,TCP,54,55697  >  4070 [ACK] Seq=14729 Ack=1970 Win=1025 Len=0,0
121058,4147.005734,34.158.0.131,192.168.50.133,TCP,65,"4070  >  55697 [PSH, ACK] Seq=1970 Ack=14729 Win=16 Len=11",11
121059,4147.046984,192.168.50.133,34.158.0.131,TCP,54,55697  >  4070 [ACK] Seq=14729 Ack=1981 Win=1025 Len=0,0
121405,4207.117387,192.168.50.133,34.158.0.131,TCP,65,"55697  >  4070 [PSH, ACK] Seq=14729 Ack=1981 Win=1025 Len=11",11
121406,4207.141824,34.158.0.131,192.168.50.133,TCP,65,"4070  >  55697 [PSH, ACK] Seq=1981 Ack=14740 Win=16 Len=11",11
121407,4207.1963,192.168.50.133,34.158.0.131,TCP,54,55697  >  4070 [ACK] Seq=14740 Ack=1992 Win=1025 Len=0,0
121698,4267.019529,34.158.0.131,192.168.50.133,TCP,65,"4070  >  55697 [PSH, ACK] Seq=1992 Ack=14740 Win=16 Len=11",11
121699,4267.06884,192.168.50.133,34.158.0.131,TCP,54,55697  >  4070 [ACK] Seq=14740 Ack=2003 Win=1024 Len=0,0
122025,4327.10856,192.168.50.133,34.158.0.131,TCP,65,"55697  >  4070 [PSH, ACK] Seq=14740 Ack=2003 Win=1024 Len=11",11
122026,4327.134581,34.158.0.131,192.168.50.133,TCP,65,"4070  >  55697 [PSH, ACK] Seq=2003 Ack=14751 Win=16 Len=11",11
122027,4327.186509,192.168.50.133,34.158.0.131,TCP,54,55697  >  4070 [ACK] Seq=14751 Ack=2014 Win=1024 Len=0,0
122045,4332.103123,192.168.50.133,34.158.0.131,TCP,702,"55697  >  4070 [PSH, ACK] Seq=14751 Ack=2014 Win=1024 Len=648",648
122047,4332.128185,34.158.0.131,192.168.50.133,TCP,109,"4070  >  55697 [PSH, ACK] Seq=2014 Ack=15399 Win=16 Len=55",55
122049,4332.176638,192.168.50.133,34.158.0.131,TCP,54,55697  >  4070 [ACK] Seq=15399 Ack=2069 Win=1024 Len=0,0
127896,4387.032811,34.158.0.131,192.168.50.133,TCP,65,"4070  >  55697 [PSH, ACK] Seq=2069 Ack=15399 Win=16 Len=11",11
127897,4387.085584,192.168.50.133,34.158.0.131,TCP,54,55697  >  4070 [ACK] Seq=15399 Ack=2080 Win=1024 Len=0,0
128205,4447.106235,192.168.50.133,34.158.0.131,TCP,65,"55697  >  4070 [PSH, ACK] Seq=15399 Ack=2080 Win=1024 Len=11",11
128206,4447.131971,34.158.0.131,192.168.50.133,TCP,65,"4070  >  55697 [PSH, ACK] Seq=2080 Ack=15410 Win=16 Len=11",11
128207,4447.183559,192.168.50.133,34.158.0.131,TCP,54,55697  >  4070 [ACK] Seq=15410 Ack=2091 Win=1024 Len=0,0
128475,4507.047114,34.158.0.131,192.168.50.133,TCP,65,"4070  >  55697 [PSH, ACK] Seq=2091 Ack=15410 Win=16 Len=11",11
128476,4507.095778,192.168.50.133,34.158.0.131,TCP,54,55697  >  4070 [ACK] Seq=15410 Ack=2102 Win=1024 Len=0,0
128792,4545.670361,192.168.50.133,34.158.0.131,TCP,702,"55697  >  4070 [PSH, ACK] Seq=15410 Ack=2102 Win=1024 Len=648",648
128793,4545.695789,34.158.0.131,192.168.50.133,TCP,109,"4070  >  55697 [PSH, ACK] Seq=2102 Ack=16058 Win=16 Len=55",55
128795,4545.743205,192.168.50.133,34.158.0.131,TCP,54,55697  >  4070 [ACK] Seq=16058 Ack=2157 Win=1024 Len=0,0
133354,4605.748284,192.168.50.133,34.158.0.131,TCP,65,"55697  >  4070 [PSH, ACK] Seq=16058 Ack=2157 Win=1024 Len=11",11
133355,4605.772884,34.158.0.131,192.168.50.133,TCP,65,"4070  >  55697 [PSH, ACK] Seq=2157 Ack=16069 Win=16 Len=11",11
133357,4605.825643,192.168.50.133,34.158.0.131,TCP,54,55697  >  4070 [ACK] Seq=16069 Ack=2168 Win=1024 Len=0,0
133445,4627.060784,34.158.0.131,192.168.50.133,TCP,65,"4070  >  55697 [PSH, ACK] Seq=2168 Ack=16069 Win=16 Len=11",11
133446,4627.112988,192.168.50.133,34.158.0.131,TCP,54,55697  >  4070 [ACK] Seq=16069 Ack=2179 Win=1024 Len=0,0
133815,4687.124878,192.168.50.133,34.158.0.131,TCP,65,"55697  >  4070 [PSH, ACK] Seq=16069 Ack=2179 Win=1024 Len=11",11
133816,4687.149252,34.158.0.131,192.168.50.133,TCP,65,"4070  >  55697 [PSH, ACK] Seq=2179 Ack=16080 Win=16 Len=11",11
133817,4687.203043,192.168.50.133,34.158.0.131,TCP,54,55697  >  4070 [ACK] Seq=16080 Ack=2190 Win=1024 Len=0,0
134110,4747.074359,34.158.0.131,192.168.50.133,TCP,65,"4070  >  55697 [PSH, ACK] Seq=2190 Ack=16080 Win=16 Len=11",11
134111,4747.120184,192.168.50.133,34.158.0.131,TCP,54,55697  >  4070 [ACK] Seq=16080 Ack=2201 Win=1024 Len=0,0
134278,4778.24242,192.168.50.133,34.158.0.131,TCP,702,"55697  >  4070 [PSH, ACK] Seq=16080 Ack=2201 Win=1024 Len=648",648
134279,4778.267676,34.158.0.131,192.168.50.133,TCP,109,"4070  >  55697 [PSH, ACK] Seq=2201 Ack=16728 Win=16 Len=55",55
134281,4778.314592,192.168.50.133,34.158.0.131,TCP,54,55697  >  4070 [ACK] Seq=16728 Ack=2256 Win=1023 Len=0,0
138692,4838.367692,192.168.50.133,34.158.0.131,TCP,65,"55697  >  4070 [PSH, ACK] Seq=16728 Ack=2256 Win=1023 Len=11",11
138693,4838.392507,34.158.0.131,192.168.50.133,TCP,65,"4070  >  55697 [PSH, ACK] Seq=2256 Ack=16739 Win=16 Len=11",11
138694,4838.444937,192.168.50.133,34.158.0.131,TCP,54,55697  >  4070 [ACK] Seq=16739 Ack=2267 Win=1023 Len=0,0
138869,4867.088667,34.158.0.131,192.168.50.133,TCP,65,"4070  >  55697 [PSH, ACK] Seq=2267 Ack=16739 Win=16 Len=11",11
138870,4867.135259,192.168.50.133,34.158.0.131,TCP,54,55697  >  4070 [ACK] Seq=16739 Ack=2278 Win=1023 Len=0,0
139180,4927.177909,192.168.50.133,34.158.0.131,TCP,65,"55697  >  4070 [PSH, ACK] Seq=16739 Ack=2278 Win=1023 Len=11",11
139181,4927.202542,34.158.0.131,192.168.50.133,TCP,65,"4070  >  55697 [PSH, ACK] Seq=2278 Ack=16750 Win=16 Len=11",11
139182,4927.255637,192.168.50.133,34.158.0.131,TCP,54,55697  >  4070 [ACK] Seq=16750 Ack=2289 Win=1023 Len=0,0
139595,4987.102325,34.158.0.131,192.168.50.133,TCP,65,"4070  >  55697 [PSH, ACK] Seq=2289 Ack=16750 Win=16 Len=11",11
139596,4987.157793,192.168.50.133,34.158.0.131,TCP,54,55697  >  4070 [ACK] Seq=16750 Ack=2300 Win=1023 Len=0,0
139918,5037.048624,192.168.50.133,34.158.0.131,TCP,702,"55697  >  4070 [PSH, ACK] Seq=16750 Ack=2300 Win=1023 Len=648",648
139919,5037.074114,34.158.0.131,192.168.50.133,TCP,109,"4070  >  55697 [PSH, ACK] Seq=2300 Ack=17398 Win=16 Len=55",55
139921,5037.123932,192.168.50.133,34.158.0.131,TCP,54,55697  >  4070 [ACK] Seq=17398 Ack=2355 Win=1023 Len=0,0
143851,5097.164535,192.168.50.133,34.158.0.131,TCP,65,"55697  >  4070 [PSH, ACK] Seq=17398 Ack=2355 Win=1023 Len=11",11
143852,5097.189374,34.158.0.131,192.168.50.133,TCP,65,"4070  >  55697 [PSH, ACK] Seq=2355 Ack=17409 Win=16 Len=11",11
143853,5097.241383,192.168.50.133,34.158.0.131,TCP,54,55697  >  4070 [ACK] Seq=17409 Ack=2366 Win=1023 Len=0,0
143893,5107.115188,34.158.0.131,192.168.50.133,TCP,65,"4070  >  55697 [PSH, ACK] Seq=2366 Ack=17409 Win=16 Len=11",11
143894,5107.16355,192.168.50.133,34.158.0.131,TCP,54,55697  >  4070 [ACK] Seq=17409 Ack=2377 Win=1023 Len=0,0
144305,5167.179991,192.168.50.133,34.158.0.131,TCP,65,"55697  >  4070 [PSH, ACK] Seq=17409 Ack=2377 Win=1023 Len=11",11
144306,5167.204348,34.158.0.131,192.168.50.133,TCP,65,"4070  >  55697 [PSH, ACK] Seq=2377 Ack=17420 Win=16 Len=11",11
144307,5167.25716,192.168.50.133,34.158.0.131,TCP,54,55697  >  4070 [ACK] Seq=17420 Ack=2388 Win=1023 Len=0,0
144673,5227.128424,34.158.0.131,192.168.50.133,TCP,65,"4070  >  55697 [PSH, ACK] Seq=2388 Ack=17420 Win=16 Len=11",11
144674,5227.174098,192.168.50.133,34.158.0.131,TCP,54,55697  >  4070 [ACK] Seq=17420 Ack=2399 Win=1023 Len=0,0
144738,5243.556818,192.168.50.133,34.158.0.131,TCP,702,"55697  >  4070 [PSH, ACK] Seq=17420 Ack=2399 Win=1023 Len=648",648
144740,5243.581701,34.158.0.131,192.168.50.133,TCP,109,"4070  >  55697 [PSH, ACK] Seq=2399 Ack=18068 Win=16 Len=55",55
144742,5243.63146,192.168.50.133,34.158.0.131,TCP,54,55697  >  4070 [ACK] Seq=18068 Ack=2454 Win=1023 Len=0,0
150055,5303.647021,192.168.50.133,34.158.0.131,TCP,65,"55697  >  4070 [PSH, ACK] Seq=18068 Ack=2454 Win=1023 Len=11",11
150056,5303.673715,34.158.0.131,192.168.50.133,TCP,65,"4070  >  55697 [PSH, ACK] Seq=2454 Ack=18079 Win=16 Len=11",11
150057,5303.724613,192.168.50.133,34.158.0.131,TCP,54,55697  >  4070 [ACK] Seq=18079 Ack=2465 Win=1023 Len=0,0
150327,5347.142944,34.158.0.131,192.168.50.133,TCP,65,"4070  >  55697 [PSH, ACK] Seq=2465 Ack=18079 Win=16 Len=11",11
150328,5347.18829,192.168.50.133,34.158.0.131,TCP,54,55697  >  4070 [ACK] Seq=18079 Ack=2476 Win=1023 Len=0,0
150641,5407.214922,192.168.50.133,34.158.0.131,TCP,65,"55697  >  4070 [PSH, ACK] Seq=18079 Ack=2476 Win=1023 Len=11",11
150642,5407.239454,34.158.0.131,192.168.50.133,TCP,65,"4070  >  55697 [PSH, ACK] Seq=2476 Ack=18090 Win=16 Len=11",11
150643,5407.292187,192.168.50.133,34.158.0.131,TCP,54,55697  >  4070 [ACK] Seq=18090 Ack=2487 Win=1023 Len=0,0
150847,5445.450851,192.168.50.133,34.158.0.131,TCP,702,"55697  >  4070 [PSH, ACK] Seq=18090 Ack=2487 Win=1023 Len=648",648
150849,5445.4765,34.158.0.131,192.168.50.133,TCP,109,"4070  >  55697 [PSH, ACK] Seq=2487 Ack=18738 Win=16 Len=55",55
150854,5445.526078,192.168.50.133,34.158.0.131,TCP,54,55697  >  4070 [ACK] Seq=18738 Ack=2542 Win=1022 Len=0,0
154427,5467.159321,34.158.0.131,192.168.50.133,TCP,65,"4070  >  55697 [PSH, ACK] Seq=2542 Ack=18738 Win=16 Len=11",11
154428,5467.208397,192.168.50.133,34.158.0.131,TCP,54,55697  >  4070 [ACK] Seq=18738 Ack=2553 Win=1022 Len=0,0
154724,5527.212513,192.168.50.133,34.158.0.131,TCP,65,"55697  >  4070 [PSH, ACK] Seq=18738 Ack=2553 Win=1022 Len=11",11
154725,5527.240221,34.158.0.131,192.168.50.133,TCP,65,"4070  >  55697 [PSH, ACK] Seq=2553 Ack=18749 Win=16 Len=11",11
154726,5527.291056,192.168.50.133,34.158.0.131,TCP,54,55697  >  4070 [ACK] Seq=18749 Ack=2564 Win=1022 Len=0,0
155117,5587.172472,34.158.0.131,192.168.50.133,TCP,65,"4070  >  55697 [PSH, ACK] Seq=2564 Ack=18749 Win=16 Len=11",11
155118,5587.216643,192.168.50.133,34.158.0.131,TCP,54,55697  >  4070 [ACK] Seq=18749 Ack=2575 Win=1022 Len=0,0
155200,5602.75595,192.168.50.133,34.158.0.131,TCP,702,"55697  >  4070 [PSH, ACK] Seq=18749 Ack=2575 Win=1022 Len=648",648
155202,5602.781765,34.158.0.131,192.168.50.133,TCP,109,"4070  >  55697 [PSH, ACK] Seq=2575 Ack=19397 Win=16 Len=55",55
155205,5602.831293,192.168.50.133,34.158.0.131,TCP,54,55697  >  4070 [ACK] Seq=19397 Ack=2630 Win=1022 Len=0,0
161051,5662.8458,192.168.50.133,34.158.0.131,TCP,65,"55697  >  4070 [PSH, ACK] Seq=19397 Ack=2630 Win=1022 Len=11",11
161052,5662.870558,34.158.0.131,192.168.50.133,TCP,65,"4070  >  55697 [PSH, ACK] Seq=2630 Ack=19408 Win=16 Len=11",11
161053,5662.924433,192.168.50.133,34.158.0.131,TCP,54,55697  >  4070 [ACK] Seq=19408 Ack=2641 Win=1022 Len=0,0
161289,5707.186343,34.158.0.131,192.168.50.133,TCP,65,"4070  >  55697 [PSH, ACK] Seq=2641 Ack=19408 Win=16 Len=11",11
161290,5707.230279,192.168.50.133,34.158.0.131,TCP,54,55697  >  4070 [ACK] Seq=19408 Ack=2652 Win=1022 Len=0,0
161611,5767.236948,192.168.50.133,34.158.0.131,TCP,65,"55697  >  4070 [PSH, ACK] Seq=19408 Ack=2652 Win=1022 Len=11",11
161612,5767.262098,34.158.0.131,192.168.50.133,TCP,65,"4070  >  55697 [PSH, ACK] Seq=2652 Ack=19419 Win=16 Len=11",11
161613,5767.314931,192.168.50.133,34.158.0.131,TCP,54,55697  >  4070 [ACK] Seq=19419 Ack=2663 Win=1022 Len=0,0
161919,5827.199612,34.158.0.131,192.168.50.133,TCP,65,"4070  >  55697 [PSH, ACK] Seq=2663 Ack=19419 Win=16 Len=11",11
161920,5827.241751,192.168.50.133,34.158.0.131,TCP,54,55697  >  4070 [ACK] Seq=19419 Ack=2674 Win=1022 Len=0,0
162017,5854.025929,192.168.50.133,34.158.0.131,TCP,702,"55697  >  4070 [PSH, ACK] Seq=19419 Ack=2674 Win=1022 Len=648",648
162019,5854.053207,34.158.0.131,192.168.50.133,TCP,109,"4070  >  55697 [PSH, ACK] Seq=2674 Ack=20067 Win=16 Len=55",55
162022,5854.100203,192.168.50.133,34.158.0.131,TCP,54,55697  >  4070 [ACK] Seq=20067 Ack=2729 Win=1022 Len=0,0
167407,5914.106349,192.168.50.133,34.158.0.131,TCP,65,"55697  >  4070 [PSH, ACK] Seq=20067 Ack=2729 Win=1022 Len=11",11
167408,5914.132945,34.158.0.131,192.168.50.133,TCP,65,"4070  >  55697 [PSH, ACK] Seq=2729 Ack=20078 Win=16 Len=11",11
167409,5914.184148,192.168.50.133,34.158.0.131,TCP,54,55697  >  4070 [ACK] Seq=20078 Ack=2740 Win=1022 Len=0,0
167723,5947.212923,34.158.0.131,192.168.50.133,TCP,65,"4070  >  55697 [PSH, ACK] Seq=2740 Ack=20078 Win=16 Len=11",11
167739,5947.257472,192.168.50.133,34.158.0.131,TCP,54,55697  >  4070 [ACK] Seq=20078 Ack=2751 Win=1022 Len=0,0
168421,6007.298463,192.168.50.133,34.158.0.131,TCP,65,"55697  >  4070 [PSH, ACK] Seq=20078 Ack=2751 Win=1022 Len=11",11
168422,6007.322684,34.158.0.131,192.168.50.133,TCP,65,"4070  >  55697 [PSH, ACK] Seq=2751 Ack=20089 Win=16 Len=11",11
168424,6007.374358,192.168.50.133,34.158.0.131,TCP,54,55697  >  4070 [ACK] Seq=20089 Ack=2762 Win=1026 Len=0,0
168782,6038.48996,192.168.50.133,34.158.0.131,TCP,702,"55697  >  4070 [PSH, ACK] Seq=20089 Ack=2762 Win=1026 Len=648",648
168783,6038.515156,34.158.0.131,192.168.50.133,TCP,109,"4070  >  55697 [PSH, ACK] Seq=2762 Ack=20737 Win=16 Len=55",55
168785,6038.56409,192.168.50.133,34.158.0.131,TCP,54,55697  >  4070 [ACK] Seq=20737 Ack=2817 Win=1026 Len=0,0
173937,6067.227022,34.158.0.131,192.168.50.133,TCP,65,"4070  >  55697 [PSH, ACK] Seq=2817 Ack=20737 Win=16 Len=11",11
173939,6067.270214,192.168.50.133,34.158.0.131,TCP,54,55697  >  4070 [ACK] Seq=20737 Ack=2828 Win=1026 Len=0,0
174224,6127.30911,192.168.50.133,34.158.0.131,TCP,65,"55697  >  4070 [PSH, ACK] Seq=20737 Ack=2828 Win=1026 Len=11",11
174227,6127.333451,34.158.0.131,192.168.50.133,TCP,65,"4070  >  55697 [PSH, ACK] Seq=2828 Ack=20748 Win=16 Len=11",11
174230,6127.385649,192.168.50.133,34.158.0.131,TCP,54,55697  >  4070 [ACK] Seq=20748 Ack=2839 Win=1026 Len=0,0
174856,6187.239936,34.158.0.131,192.168.50.133,TCP,65,"4070  >  55697 [PSH, ACK] Seq=2839 Ack=20748 Win=16 Len=11",11
174857,6187.288456,192.168.50.133,34.158.0.131,TCP,54,55697  >  4070 [ACK] Seq=20748 Ack=2850 Win=1026 Len=0,0
175288,6247.299198,192.168.50.133,34.158.0.131,TCP,65,"55697  >  4070 [PSH, ACK] Seq=20748 Ack=2850 Win=1026 Len=11",11
175289,6247.323771,34.158.0.131,192.168.50.133,TCP,65,"4070  >  55697 [PSH, ACK] Seq=2850 Ack=20759 Win=16 Len=11",11
175290,6247.37715,192.168.50.133,34.158.0.131,TCP,54,55697  >  4070 [ACK] Seq=20759 Ack=2861 Win=1026 Len=0,0
175418,6277.810334,192.168.50.133,34.158.0.131,TCP,702,"55697  >  4070 [PSH, ACK] Seq=20759 Ack=2861 Win=1026 Len=648",648
175421,6277.835297,34.158.0.131,192.168.50.133,TCP,109,"4070  >  55697 [PSH, ACK] Seq=2861 Ack=21407 Win=16 Len=55",55
175431,6277.886215,192.168.50.133,34.158.0.131,TCP,54,55697  >  4070 [ACK] Seq=21407 Ack=2916 Win=1026 Len=0,0
178133,6307.254164,34.158.0.131,192.168.50.133,TCP,65,"4070  >  55697 [PSH, ACK] Seq=2916 Ack=21407 Win=16 Len=11",11
178134,6307.298524,192.168.50.133,34.158.0.131,TCP,54,55697  >  4070 [ACK] Seq=21407 Ack=2927 Win=1026 Len=0,0
178529,6367.311741,192.168.50.133,34.158.0.131,TCP,65,"55697  >  4070 [PSH, ACK] Seq=21407 Ack=2927 Win=1026 Len=11",11
178530,6367.336096,34.158.0.131,192.168.50.133,TCP,65,"4070  >  55697 [PSH, ACK] Seq=2927 Ack=21418 Win=16 Len=11",11
178531,6367.389249,192.168.50.133,34.158.0.131,TCP,54,55697  >  4070 [ACK] Seq=21418 Ack=2938 Win=1026 Len=0,0
178800,6427.267111,34.158.0.131,192.168.50.133,TCP,65,"4070  >  55697 [PSH, ACK] Seq=2938 Ack=21418 Win=16 Len=11",11
178801,6427.321158,192.168.50.133,34.158.0.131,TCP,54,55697  >  4070 [ACK] Seq=21418 Ack=2949 Win=1026 Len=0,0
179198,6487.370888,192.168.50.133,34.158.0.131,TCP,65,"55697  >  4070 [PSH, ACK] Seq=21418 Ack=2949 Win=1026 Len=11",11
179200,6487.395371,34.158.0.131,192.168.50.133,TCP,65,"4070  >  55697 [PSH, ACK] Seq=2949 Ack=21429 Win=16 Len=11",11
179201,6487.448879,192.168.50.133,34.158.0.131,TCP,54,55697  >  4070 [ACK] Seq=21429 Ack=2960 Win=1026 Len=0,0
179443,6518.724277,192.168.50.133,34.158.0.131,TCP,702,"55697  >  4070 [PSH, ACK] Seq=21429 Ack=2960 Win=1026 Len=648",648
179446,6518.749122,34.158.0.131,192.168.50.133,TCP,109,"4070  >  55697 [PSH, ACK] Seq=2960 Ack=22077 Win=16 Len=55",55
179450,6518.799359,192.168.50.133,34.158.0.131,TCP,54,55697  >  4070 [ACK] Seq=22077 Ack=3015 Win=1025 Len=0,0
184570,6547.28055,34.158.0.131,192.168.50.133,TCP,65,"4070  >  55697 [PSH, ACK] Seq=3015 Ack=22077 Win=16 Len=11",11
184571,6547.329681,192.168.50.133,34.158.0.131,TCP,54,55697  >  4070 [ACK] Seq=22077 Ack=3026 Win=1025 Len=0,0
184915,6607.33648,192.168.50.133,34.158.0.131,TCP,65,"55697  >  4070 [PSH, ACK] Seq=22077 Ack=3026 Win=1025 Len=11",11
184916,6607.36289,34.158.0.131,192.168.50.133,TCP,65,"4070  >  55697 [PSH, ACK] Seq=3026 Ack=22088 Win=16 Len=11",11
184917,6607.414277,192.168.50.133,34.158.0.131,TCP,54,55697  >  4070 [ACK] Seq=22088 Ack=3037 Win=1025 Len=0,0
185241,6667.29472,34.158.0.131,192.168.50.133,TCP,65,"4070  >  55697 [PSH, ACK] Seq=3037 Ack=22088 Win=16 Len=11",11
185243,6667.345956,192.168.50.133,34.158.0.131,TCP,54,55697  >  4070 [ACK] Seq=22088 Ack=3048 Win=1025 Len=0,0
185532,6727.348602,192.168.50.133,34.158.0.131,TCP,65,"55697  >  4070 [PSH, ACK] Seq=22088 Ack=3048 Win=1025 Len=11",11
185533,6727.37291,34.158.0.131,192.168.50.133,TCP,65,"4070  >  55697 [PSH, ACK] Seq=3048 Ack=22099 Win=16 Len=11",11
185534,6727.424269,192.168.50.133,34.158.0.131,TCP,54,55697  >  4070 [ACK] Seq=22099 Ack=3059 Win=1025 Len=0,0
