"No.","Time","Source","Destination","Protocol","Length","Info"
"590","25.265523","192.168.50.133","34.158.0.131","TCP","690","55697  >  4070 [PSH, ACK] Seq=1 Ack=1 Win=1022 Len=636"
"600","25.291340","34.158.0.131","192.168.50.133","TCP","109","4070  >  55697 [PSH, ACK] Seq=1 Ack=637 Win=16 Len=55"
"608","25.345839","192.168.50.133","34.158.0.131","TCP","54","55697  >  4070 [ACK] Seq=637 Ack=56 Win=1022 Len=0"
"4177","26.546179","192.168.50.133","34.158.0.131","TCP","681","55697  >  4070 [PSH, ACK] Seq=637 Ack=56 Win=1022 Len=627"
"4186","26.571686","34.158.0.131","192.168.50.133","TCP","109","4070  >  55697 [PSH, ACK] Seq=56 Ack=1264 Win=16 Len=55"
"4196","26.623890","192.168.50.133","34.158.0.131","TCP","54","55697  >  4070 [ACK] Seq=1264 Ack=111 Win=1022 Len=0"
"5207","86.624915","192.168.50.133","34.158.0.131","TCP","65","55697  >  4070 [PSH, ACK] Seq=1264 Ack=111 Win=1022 Len=11"
"5208","86.650114","34.158.0.131","192.168.50.133","TCP","65","4070  >  55697 [PSH, ACK] Seq=111 Ack=1275 Win=16 Len=11"
"5209","86.702544","192.168.50.133","34.158.0.131","TCP","54","55697  >  4070 [ACK] Seq=1275 Ack=122 Win=1022 Len=0"
"5599","109.757016","192.168.50.133","34.158.0.131","TCP","687","55697  >  4070 [PSH, ACK] Seq=1275 Ack=122 Win=1022 Len=633"
"5601","109.782590","34.158.0.131","192.168.50.133","TCP","109","4070  >  55697 [PSH, ACK] Seq=122 Ack=1908 Win=16 Len=55"
"5605","109.837738","192.168.50.133","34.158.0.131","TCP","54","55697  >  4070 [ACK] Seq=1908 Ack=177 Win=1022 Len=0"
"12084","116.990758","34.158.0.131","192.168.50.133","TCP","65","4070  >  55697 [PSH, ACK] Seq=177 Ack=1908 Win=16 Len=11"
"12085","117.031793","192.168.50.133","34.158.0.131","TCP","54","55697  >  4070 [ACK] Seq=1908 Ack=188 Win=1022 Len=0"
"13011","177.073895","192.168.50.133","34.158.0.131","TCP","65","55697  >  4070 [PSH, ACK] Seq=1908 Ack=188 Win=1022 Len=11"
"13012","177.099052","34.158.0.131","192.168.50.133","TCP","65","4070  >  55697 [PSH, ACK] Seq=188 Ack=1919 Win=16 Len=11"
"13013","177.151151","192.168.50.133","34.158.0.131","TCP","54","55697  >  4070 [ACK] Seq=1919 Ack=199 Win=1022 Len=0"
"14901","237.004000","34.158.0.131","192.168.50.133","TCP","65","4070  >  55697 [PSH, ACK] Seq=199 Ack=1919 Win=16 Len=11"
"14904","237.048344","192.168.50.133","34.158.0.131","TCP","54","55697  >  4070 [ACK] Seq=1919 Ack=210 Win=1022 Len=0"
"19196","297.064300","192.168.50.133","34.158.0.131","TCP","65","55697  >  4070 [PSH, ACK] Seq=1919 Ack=210 Win=1022 Len=11"
"19197","297.089164","34.158.0.131","192.168.50.133","TCP","65","4070  >  55697 [PSH, ACK] Seq=210 Ack=1930 Win=16 Len=11"
"19198","297.141577","192.168.50.133","34.158.0.131","TCP","54","55697  >  4070 [ACK] Seq=1930 Ack=221 Win=1026 Len=0"
"19312","300.578036","192.168.50.133","34.158.0.131","TCP","619","55697  >  4070 [PSH, ACK] Seq=1930 Ack=221 Win=1026 Len=565"
"19320","300.603316","34.158.0.131","192.168.50.133","TCP","109","4070  >  55697 [PSH, ACK] Seq=221 Ack=2495 Win=16 Len=55"
"19330","300.656358","192.168.50.133","34.158.0.131","TCP","54","55697  >  4070 [ACK] Seq=2495 Ack=276 Win=1026 Len=0"
"26456","357.017193","34.158.0.131","192.168.50.133","TCP","65","4070  >  55697 [PSH, ACK] Seq=276 Ack=2495 Win=16 Len=11"
"26459","357.058567","192.168.50.133","34.158.0.131","TCP","54","55697  >  4070 [ACK] Seq=2495 Ack=287 Win=1026 Len=0"
"35329","417.071894","192.168.50.133","34.158.0.131","TCP","65","55697  >  4070 [PSH, ACK] Seq=2495 Ack=287 Win=1026 Len=11"
"35330","417.097063","34.158.0.131","192.168.50.133","TCP","65","4070  >  55697 [PSH, ACK] Seq=287 Ack=2506 Win=16 Len=11"
"35335","417.149445","192.168.50.133","34.158.0.131","TCP","54","55697  >  4070 [ACK] Seq=2506 Ack=298 Win=1026 Len=0"
"36119","453.936145","192.168.50.133","34.158.0.131","TCP","621","55697  >  4070 [PSH, ACK] Seq=2506 Ack=298 Win=1026 Len=567"
"36120","453.961573","34.158.0.131","192.168.50.133","TCP","109","4070  >  55697 [PSH, ACK] Seq=298 Ack=3073 Win=16 Len=55"
"36124","454.017326","192.168.50.133","34.158.0.131","TCP","54","55697  >  4070 [ACK] Seq=3073 Ack=353 Win=1026 Len=0"
"39770","477.030219","34.158.0.131","192.168.50.133","TCP","65","4070  >  55697 [PSH, ACK] Seq=353 Ack=3073 Win=16 Len=11"
"39771","477.085390","192.168.50.133","34.158.0.131","TCP","54","55697  >  4070 [ACK] Seq=3073 Ack=364 Win=1026 Len=0"
"40738","537.142520","192.168.50.133","34.158.0.131","TCP","65","55697  >  4070 [PSH, ACK] Seq=3073 Ack=364 Win=1026 Len=11"
"40739","537.167592","34.158.0.131","192.168.50.133","TCP","65","4070  >  55697 [PSH, ACK] Seq=364 Ack=3084 Win=16 Len=11"
"40740","537.220337","192.168.50.133","34.158.0.131","TCP","54","55697  >  4070 [ACK] Seq=3084 Ack=375 Win=1026 Len=0"
"41841","597.044772","34.158.0.131","192.168.50.133","TCP","65","4070  >  55697 [PSH, ACK] Seq=375 Ack=3084 Win=16 Len=11"
"41844","597.098327","192.168.50.133","34.158.0.131","TCP","54","55697  >  4070 [ACK] Seq=3084 Ack=386 Win=1026 Len=0"
"42376","627.172933","192.168.50.133","34.158.0.131","TCP","621","55697  >  4070 [PSH, ACK] Seq=3084 Ack=386 Win=1026 Len=567"
"42382","627.198706","34.158.0.131","192.168.50.133","TCP","109","4070  >  55697 [PSH, ACK] Seq=386 Ack=3651 Win=16 Len=55"
"42385","627.250961","192.168.50.133","34.158.0.131","TCP","54","55697  >  4070 [ACK] Seq=3651 Ack=441 Win=1026 Len=0"
"47127","687.301728","192.168.50.133","34.158.0.131","TCP","65","55697  >  4070 [PSH, ACK] Seq=3651 Ack=441 Win=1026 Len=11"
"47130","687.326859","34.158.0.131","192.168.50.133","TCP","65","4070  >  55697 [PSH, ACK] Seq=441 Ack=3662 Win=16 Len=11"
"47131","687.378845","192.168.50.133","34.158.0.131","TCP","54","55697  >  4070 [ACK] Seq=3662 Ack=452 Win=1025 Len=0"
"47592","717.058036","34.158.0.131","192.168.50.133","TCP","65","4070  >  55697 [PSH, ACK] Seq=452 Ack=3662 Win=16 Len=11"
"47593","717.113076","192.168.50.133","34.158.0.131","TCP","54","55697  >  4070 [ACK] Seq=3662 Ack=463 Win=1025 Len=0"
"58985","777.118150","192.168.50.133","34.158.0.131","TCP","65","55697  >  4070 [PSH, ACK] Seq=3662 Ack=463 Win=1025 Len=11"
"58986","777.143004","34.158.0.131","192.168.50.133","TCP","65","4070  >  55697 [PSH, ACK] Seq=463 Ack=3673 Win=16 Len=11"
"58988","777.196398","192.168.50.133","34.158.0.131","TCP","54","55697  >  4070 [ACK] Seq=3673 Ack=474 Win=1025 Len=0"
"63726","837.071340","34.158.0.131","192.168.50.133","TCP","65","4070  >  55697 [PSH, ACK] Seq=474 Ack=3673 Win=16 Len=11"
"63727","837.114908","192.168.50.133","34.158.0.131","TCP","54","55697  >  4070 [ACK] Seq=3673 Ack=485 Win=1025 Len=0"
"63805","838.744597","192.168.50.133","34.158.0.131","TCP","620","55697  >  4070 [PSH, ACK] Seq=3673 Ack=485 Win=1025 Len=566"
"63814","838.770143","34.158.0.131","192.168.50.133","TCP","109","4070  >  55697 [PSH, ACK] Seq=485 Ack=4239 Win=16 Len=55"
"63819","838.824715","192.168.50.133","34.158.0.131","TCP","54","55697  >  4070 [ACK] Seq=4239 Ack=540 Win=1025 Len=0"
"72790","898.834678","192.168.50.133","34.158.0.131","TCP","65","55697  >  4070 [PSH, ACK] Seq=4239 Ack=540 Win=1025 Len=11"
"72791","898.861364","34.158.0.131","192.168.50.133","TCP","65","4070  >  55697 [PSH, ACK] Seq=540 Ack=4250 Win=16 Len=11"
"72792","898.910156","192.168.50.133","34.158.0.131","TCP","54","55697  >  4070 [ACK] Seq=4250 Ack=551 Win=1025 Len=0"
"88180","957.084737","34.158.0.131","192.168.50.133","TCP","65","4070  >  55697 [PSH, ACK] Seq=551 Ack=4250 Win=16 Len=11"
"88182","957.139573","192.168.50.133","34.158.0.131","TCP","54","55697  >  4070 [ACK] Seq=4250 Ack=562 Win=1025 Len=0"
"89453","1017.157723","192.168.50.133","34.158.0.131","TCP","65","55697  >  4070 [PSH, ACK] Seq=4250 Ack=562 Win=1025 Len=11"
"89454","1017.182571","34.158.0.131","192.168.50.133","TCP","65","4070  >  55697 [PSH, ACK] Seq=562 Ack=4261 Win=16 Len=11"
"89455","1017.236096","192.168.50.133","34.158.0.131","TCP","54","55697  >  4070 [ACK] Seq=4261 Ack=573 Win=1025 Len=0"
"89489","1017.594782","192.168.50.133","34.158.0.131","TCP","621","55697  >  4070 [PSH, ACK] Seq=4261 Ack=573 Win=1025 Len=567"
"89491","1017.620817","34.158.0.131","192.168.50.133","TCP","109","4070  >  55697 [PSH, ACK] Seq=573 Ack=4828 Win=16 Len=55"
"89492","1017.676094","192.168.50.133","34.158.0.131","TCP","54","55697  >  4070 [ACK] Seq=4828 Ack=628 Win=1025 Len=0"
"94073","1077.100863","34.158.0.131","192.168.50.133","TCP","65","4070  >  55697 [PSH, ACK] Seq=628 Ack=4828 Win=16 Len=11"
"94074","1077.156133","192.168.50.133","34.158.0.131","TCP","54","55697  >  4070 [ACK] Seq=4828 Ack=639 Win=1025 Len=0"
"95355","1137.194721","192.168.50.133","34.158.0.131","TCP","65","55697  >  4070 [PSH, ACK] Seq=4828 Ack=639 Win=1025 Len=11"
"95356","1137.219524","34.158.0.131","192.168.50.133","TCP","65","4070  >  55697 [PSH, ACK] Seq=639 Ack=4839 Win=16 Len=11"
"95357","1137.274239","192.168.50.133","34.158.0.131","TCP","54","55697  >  4070 [ACK] Seq=4839 Ack=650 Win=1025 Len=0"
"96347","1197.113897","34.158.0.131","192.168.50.133","TCP","65","4070  >  55697 [PSH, ACK] Seq=650 Ack=4839 Win=16 Len=11"
"96348","1197.167487","192.168.50.133","34.158.0.131","TCP","54","55697  >  4070 [ACK] Seq=4839 Ack=661 Win=1025 Len=0"
"96636","1211.508733","192.168.50.133","34.158.0.131","TCP","620","55697  >  4070 [PSH, ACK] Seq=4839 Ack=661 Win=1025 Len=566"
"96637","1211.534611","34.158.0.131","192.168.50.133","TCP","109","4070  >  55697 [PSH, ACK] Seq=661 Ack=5405 Win=16 Len=55"
"96645","1211.575618","192.168.50.133","34.158.0.131","TCP","54","55697  >  4070 [ACK] Seq=5405 Ack=716 Win=1024 Len=0"
"107360","1271.632111","192.168.50.133","34.158.0.131","TCP","65","55697  >  4070 [PSH, ACK] Seq=5405 Ack=716 Win=1024 Len=11"
"107362","1271.656938","34.158.0.131","192.168.50.133","TCP","65","4070  >  55697 [PSH, ACK] Seq=716 Ack=5416 Win=16 Len=11"
"107363","1271.711041","192.168.50.133","34.158.0.131","TCP","54","55697  >  4070 [ACK] Seq=5416 Ack=727 Win=1024 Len=0"
"108010","1309.285959","192.168.50.133","34.158.0.131","TCP","615","55697  >  4070 [PSH, ACK] Seq=5416 Ack=727 Win=1024 Len=561"
"108021","1309.352492","34.158.0.131","192.168.50.133","TCP","60","4070  >  55697 [ACK] Seq=727 Ack=5977 Win=16 Len=0"
"108030","1310.067414","34.158.0.131","192.168.50.133","TCP","109","4070  >  55697 [PSH, ACK] Seq=727 Ack=5977 Win=16 Len=55"
"108031","1310.117941","192.168.50.133","34.158.0.131","TCP","54","55697  >  4070 [ACK] Seq=5977 Ack=782 Win=1024 Len=0"
"111472","1317.127451","34.158.0.131","192.168.50.133","TCP","65","4070  >  55697 [PSH, ACK] Seq=782 Ack=5977 Win=16 Len=11"
"111476","1317.168326","192.168.50.133","34.158.0.131","TCP","54","55697  >  4070 [ACK] Seq=5977 Ack=793 Win=1024 Len=0"
"115689","1377.178287","192.168.50.133","34.158.0.131","TCP","65","55697  >  4070 [PSH, ACK] Seq=5977 Ack=793 Win=1024 Len=11"
"115694","1377.202944","34.158.0.131","192.168.50.133","TCP","60","4070  >  55697 [ACK] Seq=793 Ack=5988 Win=16 Len=0"
"115695","1377.202944","34.158.0.131","192.168.50.133","TCP","65","4070  >  55697 [PSH, ACK] Seq=793 Ack=5988 Win=16 Len=11"
"115703","1377.256217","192.168.50.133","34.158.0.131","TCP","54","55697  >  4070 [ACK] Seq=5988 Ack=804 Win=1024 Len=0"
"119878","1437.140731","34.158.0.131","192.168.50.133","TCP","65","4070  >  55697 [PSH, ACK] Seq=804 Ack=5988 Win=16 Len=11"
"119880","1437.185808","192.168.50.133","34.158.0.131","TCP","54","55697  >  4070 [ACK] Seq=5988 Ack=815 Win=1024 Len=0"
"121321","1469.829559","192.168.50.133","34.158.0.131","TCP","620","55697  >  4070 [PSH, ACK] Seq=5988 Ack=815 Win=1024 Len=566"
"121329","1469.854575","34.158.0.131","192.168.50.133","TCP","60","4070  >  55697 [ACK] Seq=815 Ack=6554 Win=16 Len=0"
"121330","1469.854864","34.158.0.131","192.168.50.133","TCP","109","4070  >  55697 [PSH, ACK] Seq=815 Ack=6554 Win=16 Len=55"
"121335","1469.909823","192.168.50.133","34.158.0.131","TCP","54","55697  >  4070 [ACK] Seq=6554 Ack=870 Win=1024 Len=0"
"131636","1529.936991","192.168.50.133","34.158.0.131","TCP","65","55697  >  4070 [PSH, ACK] Seq=6554 Ack=870 Win=1024 Len=11"
"131637","1529.961639","34.158.0.131","192.168.50.133","TCP","60","4070  >  55697 [ACK] Seq=870 Ack=6565 Win=16 Len=0"
"131638","1529.961639","34.158.0.131","192.168.50.133","TCP","65","4070  >  55697 [PSH, ACK] Seq=870 Ack=6565 Win=16 Len=11"
"131647","1530.014797","192.168.50.133","34.158.0.131","TCP","54","55697  >  4070 [ACK] Seq=6565 Ack=881 Win=1024 Len=0"
"133675","1557.154182","34.158.0.131","192.168.50.133","TCP","65","4070  >  55697 [PSH, ACK] Seq=881 Ack=6565 Win=16 Len=11"
"133676","1557.199771","192.168.50.133","34.158.0.131","TCP","54","55697  >  4070 [ACK] Seq=6565 Ack=892 Win=1024 Len=0"
"137634","1617.228149","192.168.50.133","34.158.0.131","TCP","65","55697  >  4070 [PSH, ACK] Seq=6565 Ack=892 Win=1024 Len=11"
"137635","1617.252916","34.158.0.131","192.168.50.133","TCP","65","4070  >  55697 [PSH, ACK] Seq=892 Ack=6576 Win=16 Len=11"
"137640","1617.306292","192.168.50.133","34.158.0.131","TCP","54","55697  >  4070 [ACK] Seq=6576 Ack=903 Win=1024 Len=0"
"138809","1634.776561","192.168.50.133","34.158.0.131","TCP","693","55697  >  4070 [PSH, ACK] Seq=6576 Ack=903 Win=1024 Len=639"
"138813","1634.802163","34.158.0.131","192.168.50.133","TCP","109","4070  >  55697 [PSH, ACK] Seq=903 Ack=7215 Win=16 Len=55"
"138827","1634.857200","192.168.50.133","34.158.0.131","TCP","54","55697  >  4070 [ACK] Seq=7215 Ack=958 Win=1023 Len=0"
"143483","1677.167364","34.158.0.131","192.168.50.133","TCP","65","4070  >  55697 [PSH, ACK] Seq=958 Ack=7215 Win=16 Len=11"
"143494","1677.222721","192.168.50.133","34.158.0.131","TCP","54","55697  >  4070 [ACK] Seq=7215 Ack=969 Win=1023 Len=0"
"146974","1737.228859","192.168.50.133","34.158.0.131","TCP","65","55697  >  4070 [PSH, ACK] Seq=7215 Ack=969 Win=1023 Len=11"
"146981","1737.253608","34.158.0.131","192.168.50.133","TCP","65","4070  >  55697 [PSH, ACK] Seq=969 Ack=7226 Win=16 Len=11"
"146983","1737.305473","192.168.50.133","34.158.0.131","TCP","54","55697  >  4070 [ACK] Seq=7226 Ack=980 Win=1023 Len=0"
"150049","1788.677438","192.168.50.133","34.158.0.131","TCP","695","55697  >  4070 [PSH, ACK] Seq=7226 Ack=980 Win=1023 Len=641"
"150053","1788.705570","34.158.0.131","192.168.50.133","TCP","109","4070  >  55697 [PSH, ACK] Seq=980 Ack=7867 Win=16 Len=55"
"150056","1788.755002","192.168.50.133","34.158.0.131","TCP","54","55697  >  4070 [ACK] Seq=7867 Ack=1035 Win=1023 Len=0"
"153980","1797.180925","34.158.0.131","192.168.50.133","TCP","65","4070  >  55697 [PSH, ACK] Seq=1035 Ack=7867 Win=16 Len=11"
"153983","1797.225715","192.168.50.133","34.158.0.131","TCP","54","55697  >  4070 [ACK] Seq=7867 Ack=1046 Win=1023 Len=0"
"157017","1857.232557","192.168.50.133","34.158.0.131","TCP","65","55697  >  4070 [PSH, ACK] Seq=7867 Ack=1046 Win=1023 Len=11"
"157018","1857.257295","34.158.0.131","192.168.50.133","TCP","65","4070  >  55697 [PSH, ACK] Seq=1046 Ack=7878 Win=16 Len=11"
"157019","1857.309501","192.168.50.133","34.158.0.131","TCP","54","55697  >  4070 [ACK] Seq=7878 Ack=1057 Win=1023 Len=0"
"159596","1917.194195","34.158.0.131","192.168.50.133","TCP","65","4070  >  55697 [PSH, ACK] Seq=1057 Ack=7878 Win=16 Len=11"
"159600","1917.236805","192.168.50.133","34.158.0.131","TCP","54","55697  >  4070 [ACK] Seq=7878 Ack=1068 Win=1023 Len=0"
"162477","1977.304464","192.168.50.133","34.158.0.131","TCP","65","55697  >  4070 [PSH, ACK] Seq=7878 Ack=1068 Win=1023 Len=11"
"162484","1977.330154","34.158.0.131","192.168.50.133","TCP","65","4070  >  55697 [PSH, ACK] Seq=1068 Ack=7889 Win=16 Len=11"
"162488","1977.381053","192.168.50.133","34.158.0.131","TCP","54","55697  >  4070 [ACK] Seq=7889 Ack=1079 Win=1023 Len=0"
"165060","2019.993303","192.168.50.133","34.158.0.131","TCP","694","55697  >  4070 [PSH, ACK] Seq=7889 Ack=1079 Win=1023 Len=640"
"165065","2020.018659","34.158.0.131","192.168.50.133","TCP","109","4070  >  55697 [PSH, ACK] Seq=1079 Ack=8529 Win=16 Len=55"
"165071","2020.058769","192.168.50.133","34.158.0.131","TCP","54","55697  >  4070 [ACK] Seq=8529 Ack=1134 Win=1023 Len=0"
"170699","2037.207502","34.158.0.131","192.168.50.133","TCP","65","4070  >  55697 [PSH, ACK] Seq=1134 Ack=8529 Win=16 Len=11"
"170700","2037.262795","192.168.50.133","34.158.0.131","TCP","54","55697  >  4070 [ACK] Seq=8529 Ack=1145 Win=1023 Len=0"
"174082","2097.262573","192.168.50.133","34.158.0.131","TCP","65","55697  >  4070 [PSH, ACK] Seq=8529 Ack=1145 Win=1023 Len=11"
"174083","2097.287328","34.158.0.131","192.168.50.133","TCP","65","4070  >  55697 [PSH, ACK] Seq=1145 Ack=8540 Win=16 Len=11"
"174084","2097.341453","192.168.50.133","34.158.0.131","TCP","54","55697  >  4070 [ACK] Seq=8540 Ack=1156 Win=1023 Len=0"
"176138","2157.220503","34.158.0.131","192.168.50.133","TCP","65","4070  >  55697 [PSH, ACK] Seq=1156 Ack=8540 Win=16 Len=11"
"176142","2157.272917","192.168.50.133","34.158.0.131","TCP","54","55697  >  4070 [ACK] Seq=8540 Ack=1167 Win=1023 Len=0"
"176982","2174.310269","192.168.50.133","34.158.0.131","TCP","694","55697  >  4070 [PSH, ACK] Seq=8540 Ack=1167 Win=1023 Len=640"
"176989","2174.335460","34.158.0.131","192.168.50.133","TCP","109","4070  >  55697 [PSH, ACK] Seq=1167 Ack=9180 Win=16 Len=55"
"176998","2174.389443","192.168.50.133","34.158.0.131","TCP","54","55697  >  4070 [ACK] Seq=9180 Ack=1222 Win=1022 Len=0"
"184990","2234.436266","192.168.50.133","34.158.0.131","TCP","65","55697  >  4070 [PSH, ACK] Seq=9180 Ack=1222 Win=1022 Len=11"
"184994","2234.461049","34.158.0.131","192.168.50.133","TCP","65","4070  >  55697 [PSH, ACK] Seq=1222 Ack=9191 Win=16 Len=11"
"185001","2234.515988","192.168.50.133","34.158.0.131","TCP","54","55697  >  4070 [ACK] Seq=9191 Ack=1233 Win=1022 Len=0"
"190565","2277.234446","34.158.0.131","192.168.50.133","TCP","65","4070  >  55697 [PSH, ACK] Seq=1233 Ack=9191 Win=16 Len=11"
"190568","2277.279575","192.168.50.133","34.158.0.131","TCP","54","55697  >  4070 [ACK] Seq=9191 Ack=1244 Win=1022 Len=0"
"196489","2337.322587","192.168.50.133","34.158.0.131","TCP","65","55697  >  4070 [PSH, ACK] Seq=9191 Ack=1244 Win=1022 Len=11"
"196491","2337.347297","34.158.0.131","192.168.50.133","TCP","65","4070  >  55697 [PSH, ACK] Seq=1244 Ack=9202 Win=16 Len=11"
"196495","2337.398471","192.168.50.133","34.158.0.131","TCP","54","55697  >  4070 [ACK] Seq=9202 Ack=1255 Win=1022 Len=0"
"196710","2345.506061","192.168.50.133","34.158.0.131","TCP","695","55697  >  4070 [PSH, ACK] Seq=9202 Ack=1255 Win=1022 Len=641"
"196712","2345.531292","34.158.0.131","192.168.50.133","TCP","109","4070  >  55697 [PSH, ACK] Seq=1255 Ack=9843 Win=16 Len=55"
"196722","2345.572516","192.168.50.133","34.158.0.131","TCP","54","55697  >  4070 [ACK] Seq=9843 Ack=1310 Win=1022 Len=0"
"203712","2397.250602","34.158.0.131","192.168.50.133","TCP","65","4070  >  55697 [PSH, ACK] Seq=1310 Ack=9843 Win=16 Len=11"
"203714","2397.296879","192.168.50.133","34.158.0.131","TCP","54","55697  >  4070 [ACK] Seq=9843 Ack=1321 Win=1022 Len=0"
"207368","2457.314013","192.168.50.133","34.158.0.131","TCP","65","55697  >  4070 [PSH, ACK] Seq=9843 Ack=1321 Win=1022 Len=11"
"207369","2457.339186","34.158.0.131","192.168.50.133","TCP","65","4070  >  55697 [PSH, ACK] Seq=1321 Ack=9854 Win=16 Len=11"
"207373","2457.391108","192.168.50.133","34.158.0.131","TCP","54","55697  >  4070 [ACK] Seq=9854 Ack=1332 Win=1022 Len=0"
"208572","2517.263388","34.158.0.131","192.168.50.133","TCP","65","4070  >  55697 [PSH, ACK] Seq=1332 Ack=9854 Win=16 Len=11"
"208577","2517.307333","192.168.50.133","34.158.0.131","TCP","54","55697  >  4070 [ACK] Seq=9854 Ack=1343 Win=1022 Len=0"
"210452","2559.561942","192.168.50.133","34.158.0.131","TCP","695","55697  >  4070 [PSH, ACK] Seq=9854 Ack=1343 Win=1022 Len=641"
"210458","2559.587758","34.158.0.131","192.168.50.133","TCP","109","4070  >  55697 [PSH, ACK] Seq=1343 Ack=10495 Win=16 Len=55"
"210461","2559.639869","192.168.50.133","34.158.0.131","TCP","54","55697  >  4070 [ACK] Seq=10495 Ack=1398 Win=1022 Len=0"
"217236","2619.679119","192.168.50.133","34.158.0.131","TCP","65","55697  >  4070 [PSH, ACK] Seq=10495 Ack=1398 Win=1022 Len=11"
"217241","2619.703792","34.158.0.131","192.168.50.133","TCP","65","4070  >  55697 [PSH, ACK] Seq=1398 Ack=10506 Win=16 Len=11"
"217246","2619.757284","192.168.50.133","34.158.0.131","TCP","54","55697  >  4070 [ACK] Seq=10506 Ack=1409 Win=1022 Len=0"
"217637","2637.276493","34.158.0.131","192.168.50.133","TCP","65","4070  >  55697 [PSH, ACK] Seq=1409 Ack=10506 Win=16 Len=11"
"217641","2637.322687","192.168.50.133","34.158.0.131","TCP","54","55697  >  4070 [ACK] Seq=10506 Ack=1420 Win=1022 Len=0"
"217803","2645.849579","192.168.50.133","34.158.0.131","TCP","689","55697  >  4070 [PSH, ACK] Seq=10506 Ack=1420 Win=1022 Len=635"
"217808","2645.874853","34.158.0.131","192.168.50.133","TCP","109","4070  >  55697 [PSH, ACK] Seq=1420 Ack=11141 Win=16 Len=55"
"217812","2645.916313","192.168.50.133","34.158.0.131","TCP","54","55697  >  4070 [ACK] Seq=11141 Ack=1475 Win=1026 Len=0"
"227502","2705.971788","192.168.50.133","34.158.0.131","TCP","65","55697  >  4070 [PSH, ACK] Seq=11141 Ack=1475 Win=1026 Len=11"
"227503","2705.996581","34.158.0.131","192.168.50.133","TCP","65","4070  >  55697 [PSH, ACK] Seq=1475 Ack=11152 Win=16 Len=11"
"227504","2706.047583","192.168.50.133","34.158.0.131","TCP","54","55697  >  4070 [ACK] Seq=11152 Ack=1486 Win=1026 Len=0"
"230852","2757.290452","34.158.0.131","192.168.50.133","TCP","65","4070  >  55697 [PSH, ACK] Seq=1486 Ack=11152 Win=16 Len=11"
"230854","2757.346055","192.168.50.133","34.158.0.131","TCP","54","55697  >  4070 [ACK] Seq=11152 Ack=1497 Win=1026 Len=0"
"232288","2817.400328","192.168.50.133","34.158.0.131","TCP","65","55697  >  4070 [PSH, ACK] Seq=11152 Ack=1497 Win=1026 Len=11"
"232290","2817.425111","34.158.0.131","192.168.50.133","TCP","65","4070  >  55697 [PSH, ACK] Seq=1497 Ack=11163 Win=16 Len=11"
"232291","2817.476777","192.168.50.133","34.158.0.131","TCP","54","55697  >  4070 [ACK] Seq=11163 Ack=1508 Win=1026 Len=0"
"233367","2873.487070","192.168.50.133","34.158.0.131","TCP","695","55697  >  4070 [PSH, ACK] Seq=11163 Ack=1508 Win=1026 Len=641"
"233385","2873.512350","34.158.0.131","192.168.50.133","TCP","109","4070  >  55697 [PSH, ACK] Seq=1508 Ack=11804 Win=16 Len=55"
"233388","2873.565669","192.168.50.133","34.158.0.131","TCP","54","55697  >  4070 [ACK] Seq=11804 Ack=1563 Win=1026 Len=0"
"233443","2877.303642","34.158.0.131","192.168.50.133","TCP","65","4070  >  55697 [PSH, ACK] Seq=1563 Ack=11804 Win=16 Len=11"
"233445","2877.356359","192.168.50.133","34.158.0.131","TCP","54","55697  >  4070 [ACK] Seq=11804 Ack=1574 Win=1026 Len=0"
"239136","2937.356408","192.168.50.133","34.158.0.131","TCP","65","55697  >  4070 [PSH, ACK] Seq=11804 Ack=1574 Win=1026 Len=11"
"239137","2937.383147","34.158.0.131","192.168.50.133","TCP","65","4070  >  55697 [PSH, ACK] Seq=1574 Ack=11815 Win=16 Len=11"
"239139","2937.433145","192.168.50.133","34.158.0.131","TCP","54","55697  >  4070 [ACK] Seq=11815 Ack=1585 Win=1026 Len=0"
"240424","2997.317472","34.158.0.131","192.168.50.133","TCP","65","4070  >  55697 [PSH, ACK] Seq=1585 Ack=11815 Win=16 Len=11"
"240425","2997.368844","192.168.50.133","34.158.0.131","TCP","54","55697  >  4070 [ACK] Seq=11815 Ack=1596 Win=1026 Len=0"
"241550","3042.997165","192.168.50.133","34.158.0.131","TCP","695","55697  >  4070 [PSH, ACK] Seq=11815 Ack=1596 Win=1026 Len=641"
"241554","3043.026181","34.158.0.131","192.168.50.133","TCP","109","4070  >  55697 [PSH, ACK] Seq=1596 Ack=12456 Win=16 Len=55"
"241557","3043.075993","192.168.50.133","34.158.0.131","TCP","54","55697  >  4070 [ACK] Seq=12456 Ack=1651 Win=1026 Len=0"
"245896","3103.106469","192.168.50.133","34.158.0.131","TCP","65","55697  >  4070 [PSH, ACK] Seq=12456 Ack=1651 Win=1026 Len=11"
"245897","3103.131373","34.158.0.131","192.168.50.133","TCP","65","4070  >  55697 [PSH, ACK] Seq=1651 Ack=12467 Win=16 Len=11"
"245898","3103.183874","192.168.50.133","34.158.0.131","TCP","54","55697  >  4070 [ACK] Seq=12467 Ack=1662 Win=1026 Len=0"
"246041","3117.330700","34.158.0.131","192.168.50.133","TCP","65","4070  >  55697 [PSH, ACK] Seq=1662 Ack=12467 Win=16 Len=11"
"246042","3117.375832","192.168.50.133","34.158.0.131","TCP","54","55697  >  4070 [ACK] Seq=12467 Ack=1673 Win=1026 Len=0"
"247436","3177.391918","192.168.50.133","34.158.0.131","TCP","65","55697  >  4070 [PSH, ACK] Seq=12467 Ack=1673 Win=1026 Len=11"
"247437","3177.417244","34.158.0.131","192.168.50.133","TCP","65","4070  >  55697 [PSH, ACK] Seq=1673 Ack=12478 Win=16 Len=11"
"247439","3177.469535","192.168.50.133","34.158.0.131","TCP","54","55697  >  4070 [ACK] Seq=12478 Ack=1684 Win=1026 Len=0"
"252603","3237.344060","34.158.0.131","192.168.50.133","TCP","65","4070  >  55697 [PSH, ACK] Seq=1684 Ack=12478 Win=16 Len=11"
"252604","3237.393298","192.168.50.133","34.158.0.131","TCP","54","55697  >  4070 [ACK] Seq=12478 Ack=1695 Win=1026 Len=0"
"254526","3271.213757","192.168.50.133","34.158.0.131","TCP","695","55697  >  4070 [PSH, ACK] Seq=12478 Ack=1695 Win=1026 Len=641"
"254530","3271.238898","34.158.0.131","192.168.50.133","TCP","109","4070  >  55697 [PSH, ACK] Seq=1695 Ack=13119 Win=16 Len=55"
"254550","3271.293126","192.168.50.133","34.158.0.131","TCP","54","55697  >  4070 [ACK] Seq=13119 Ack=1750 Win=1025 Len=0"
"261299","3331.327906","192.168.50.133","34.158.0.131","TCP","65","55697  >  4070 [PSH, ACK] Seq=13119 Ack=1750 Win=1025 Len=11"
"261300","3331.352779","34.158.0.131","192.168.50.133","TCP","65","4070  >  55697 [PSH, ACK] Seq=1750 Ack=13130 Win=16 Len=11"
"261301","3331.402907","192.168.50.133","34.158.0.131","TCP","54","55697  >  4070 [ACK] Seq=13130 Ack=1761 Win=1025 Len=0"
"262396","3357.357714","34.158.0.131","192.168.50.133","TCP","65","4070  >  55697 [PSH, ACK] Seq=1761 Ack=13130 Win=16 Len=11"
"262397","3357.404107","192.168.50.133","34.158.0.131","TCP","54","55697  >  4070 [ACK] Seq=13130 Ack=1772 Win=1025 Len=0"
"263328","3417.421375","192.168.50.133","34.158.0.131","TCP","65","55697  >  4070 [PSH, ACK] Seq=13130 Ack=1772 Win=1025 Len=11"
"263330","3417.446215","34.158.0.131","192.168.50.133","TCP","65","4070  >  55697 [PSH, ACK] Seq=1772 Ack=13141 Win=16 Len=11"
"263331","3417.499353","192.168.50.133","34.158.0.131","TCP","54","55697  >  4070 [ACK] Seq=13141 Ack=1783 Win=1025 Len=0"
"266283","3477.370742","34.158.0.131","192.168.50.133","TCP","65","4070  >  55697 [PSH, ACK] Seq=1783 Ack=13141 Win=16 Len=11"
"266284","3477.421060","192.168.50.133","34.158.0.131","TCP","54","55697  >  4070 [ACK] Seq=13141 Ack=1794 Win=1025 Len=0"
"268211","3501.219534","192.168.50.133","34.158.0.131","TCP","695","55697  >  4070 [PSH, ACK] Seq=13141 Ack=1794 Win=1025 Len=641"
"268218","3501.244722","34.158.0.131","192.168.50.133","TCP","109","4070  >  55697 [PSH, ACK] Seq=1794 Ack=13782 Win=16 Len=55"
"268225","3501.299768","192.168.50.133","34.158.0.131","TCP","54","55697  >  4070 [ACK] Seq=13782 Ack=1849 Win=1025 Len=0"
"276590","3561.340619","192.168.50.133","34.158.0.131","TCP","65","55697  >  4070 [PSH, ACK] Seq=13782 Ack=1849 Win=1025 Len=11"
"276591","3561.365374","34.158.0.131","192.168.50.133","TCP","65","4070  >  55697 [PSH, ACK] Seq=1849 Ack=13793 Win=16 Len=11"
"276620","3561.418512","192.168.50.133","34.158.0.131","TCP","54","55697  >  4070 [ACK] Seq=13793 Ack=1860 Win=1025 Len=0"
"278825","3597.384403","34.158.0.131","192.168.50.133","TCP","65","4070  >  55697 [PSH, ACK] Seq=1860 Ack=13793 Win=16 Len=11"
"278826","3597.432903","192.168.50.133","34.158.0.131","TCP","54","55697  >  4070 [ACK] Seq=13793 Ack=1871 Win=1025 Len=0"
"279524","3636.285013","192.168.50.133","34.158.0.131","TCP","694","55697  >  4070 [PSH, ACK] Seq=13793 Ack=1871 Win=1025 Len=640"
"279528","3636.310277","34.158.0.131","192.168.50.133","TCP","109","4070  >  55697 [PSH, ACK] Seq=1871 Ack=14433 Win=16 Len=55"
"279542","3636.365076","192.168.50.133","34.158.0.131","TCP","54","55697  >  4070 [ACK] Seq=14433 Ack=1926 Win=1025 Len=0"
"283652","3696.362376","192.168.50.133","34.158.0.131","TCP","65","55697  >  4070 [PSH, ACK] Seq=14433 Ack=1926 Win=1025 Len=11"
"283656","3696.395278","34.158.0.131","192.168.50.133","TCP","65","4070  >  55697 [PSH, ACK] Seq=1926 Ack=14444 Win=16 Len=11"
"283657","3696.438533","192.168.50.133","34.158.0.131","TCP","54","55697  >  4070 [ACK] Seq=14444 Ack=1937 Win=1025 Len=0"
"284814","3717.397959","34.158.0.131","192.168.50.133","TCP","65","4070  >  55697 [PSH, ACK] Seq=1937 Ack=14444 Win=16 Len=11"
"284817","3717.437731","192.168.50.133","34.158.0.131","TCP","54","55697  >  4070 [ACK] Seq=14444 Ack=1948 Win=1025 Len=0"
"288200","3777.466869","192.168.50.133","34.158.0.131","TCP","65","55697  >  4070 [PSH, ACK] Seq=14444 Ack=1948 Win=1025 Len=11"
"288202","3777.492163","34.158.0.131","192.168.50.133","TCP","65","4070  >  55697 [PSH, ACK] Seq=1948 Ack=14455 Win=16 Len=11"
"288205","3777.544620","192.168.50.133","34.158.0.131","TCP","54","55697  >  4070 [ACK] Seq=14455 Ack=1959 Win=1024 Len=0"
"289602","3816.298302","192.168.50.133","34.158.0.131","TCP","695","55697  >  4070 [PSH, ACK] Seq=14455 Ack=1959 Win=1024 Len=641"
"289614","3816.323556","34.158.0.131","192.168.50.133","TCP","109","4070  >  55697 [PSH, ACK] Seq=1959 Ack=15096 Win=16 Len=55"
"289628","3816.378052","192.168.50.133","34.158.0.131","TCP","54","55697  >  4070 [ACK] Seq=15096 Ack=2014 Win=1024 Len=0"
"289925","3837.410963","34.158.0.131","192.168.50.133","TCP","65","4070  >  55697 [PSH, ACK] Seq=2014 Ack=15096 Win=16 Len=11"
"289926","3837.453682","192.168.50.133","34.158.0.131","TCP","54","55697  >  4070 [ACK] Seq=15096 Ack=2025 Win=1024 Len=0"
"291088","3897.469401","192.168.50.133","34.158.0.131","TCP","65","55697  >  4070 [PSH, ACK] Seq=15096 Ack=2025 Win=1024 Len=11"
"291089","3897.494943","34.158.0.131","192.168.50.133","TCP","65","4070  >  55697 [PSH, ACK] Seq=2025 Ack=15107 Win=16 Len=11"
"291090","3897.546321","192.168.50.133","34.158.0.131","TCP","54","55697  >  4070 [ACK] Seq=15107 Ack=2036 Win=1024 Len=0"
"293597","3957.424711","34.158.0.131","192.168.50.133","TCP","65","4070  >  55697 [PSH, ACK] Seq=2036 Ack=15107 Win=16 Len=11"
"293599","3957.473523","192.168.50.133","34.158.0.131","TCP","54","55697  >  4070 [ACK] Seq=15107 Ack=2047 Win=1024 Len=0"
"294260","4017.500227","192.168.50.133","34.158.0.131","TCP","65","55697  >  4070 [PSH, ACK] Seq=15107 Ack=2047 Win=1024 Len=11"
"294261","4017.525164","34.158.0.131","192.168.50.133","TCP","65","4070  >  55697 [PSH, ACK] Seq=2047 Ack=15118 Win=16 Len=11"
"294263","4017.579492","192.168.50.133","34.158.0.131","TCP","54","55697  >  4070 [ACK] Seq=15118 Ack=2058 Win=1024 Len=0"
"295310","4050.036805","192.168.50.133","34.158.0.131","TCP","693","55697  >  4070 [PSH, ACK] Seq=15118 Ack=2058 Win=1024 Len=639"
"295313","4050.062107","34.158.0.131","192.168.50.133","TCP","109","4070  >  55697 [PSH, ACK] Seq=2058 Ack=15757 Win=16 Len=55"
"295315","4050.112622","192.168.50.133","34.158.0.131","TCP","54","55697  >  4070 [ACK] Seq=15757 Ack=2113 Win=1024 Len=0"
"295648","4077.437814","34.158.0.131","192.168.50.133","TCP","65","4070  >  55697 [PSH, ACK] Seq=2113 Ack=15757 Win=16 Len=11"
"295650","4077.489351","192.168.50.133","34.158.0.131","TCP","54","55697  >  4070 [ACK] Seq=15757 Ack=2124 Win=1024 Len=0"
"299764","4137.500552","192.168.50.133","34.158.0.131","TCP","65","55697  >  4070 [PSH, ACK] Seq=15757 Ack=2124 Win=1024 Len=11"
"299765","4137.525432","34.158.0.131","192.168.50.133","TCP","65","4070  >  55697 [PSH, ACK] Seq=2124 Ack=15768 Win=16 Len=11"
"299767","4137.576712","192.168.50.133","34.158.0.131","TCP","54","55697  >  4070 [ACK] Seq=15768 Ack=2135 Win=1024 Len=0"
"301312","4197.454845","34.158.0.131","192.168.50.133","TCP","65","4070  >  55697 [PSH, ACK] Seq=2135 Ack=15768 Win=16 Len=11[Malformed Packet]"
"301318","4197.505085","192.168.50.133","34.158.0.131","TCP","54","55697  >  4070 [ACK] Seq=15768 Ack=2146 Win=1024 Len=0"
"303954","4240.866000","192.168.50.133","34.158.0.131","TCP","619","55697  >  4070 [PSH, ACK] Seq=15768 Ack=2146 Win=1024 Len=565"
"303957","4240.891239","34.158.0.131","192.168.50.133","TCP","109","4070  >  55697 [PSH, ACK] Seq=2146 Ack=16333 Win=16 Len=55"
"303962","4240.930953","192.168.50.133","34.158.0.131","TCP","54","55697  >  4070 [ACK] Seq=16333 Ack=2201 Win=1024 Len=0"
"307209","4300.972902","192.168.50.133","34.158.0.131","TCP","65","55697  >  4070 [PSH, ACK] Seq=16333 Ack=2201 Win=1024 Len=11"
"307214","4300.997613","34.158.0.131","192.168.50.133","TCP","65","4070  >  55697 [PSH, ACK] Seq=2201 Ack=16344 Win=16 Len=11"
"307220","4301.051217","192.168.50.133","34.158.0.131","TCP","54","55697  >  4070 [ACK] Seq=16344 Ack=2212 Win=1023 Len=0"
"311802","4317.467532","34.158.0.131","192.168.50.133","TCP","65","4070  >  55697 [PSH, ACK] Seq=2212 Ack=16344 Win=16 Len=11"
"311817","4317.511474","192.168.50.133","34.158.0.131","TCP","54","55697  >  4070 [ACK] Seq=16344 Ack=2223 Win=1023 Len=0"
"323701","4377.529747","192.168.50.133","34.158.0.131","TCP","65","55697  >  4070 [PSH, ACK] Seq=16344 Ack=2223 Win=1023 Len=11"
"323708","4377.554738","34.158.0.131","192.168.50.133","TCP","65","4070  >  55697 [PSH, ACK] Seq=2223 Ack=16355 Win=16 Len=11"
"323719","4377.606321","192.168.50.133","34.158.0.131","TCP","54","55697  >  4070 [ACK] Seq=16355 Ack=2234 Win=1023 Len=0"
"327471","4394.221120","192.168.50.133","34.158.0.131","TCP","620","55697  >  4070 [PSH, ACK] Seq=16355 Ack=2234 Win=1023 Len=566"
"327477","4394.246291","34.158.0.131","192.168.50.133","TCP","109","4070  >  55697 [PSH, ACK] Seq=2234 Ack=16921 Win=16 Len=55"
"327486","4394.298190","192.168.50.133","34.158.0.131","TCP","54","55697  >  4070 [ACK] Seq=16921 Ack=2289 Win=1023 Len=0"
"336384","4437.485514","34.158.0.131","192.168.50.133","TCP","65","4070  >  55697 [PSH, ACK] Seq=2289 Ack=16921 Win=16 Len=11"
"336393","4437.528004","192.168.50.133","34.158.0.131","TCP","54","55697  >  4070 [ACK] Seq=16921 Ack=2300 Win=1023 Len=0"
"344008","4497.560797","192.168.50.133","34.158.0.131","TCP","65","55697  >  4070 [PSH, ACK] Seq=16921 Ack=2300 Win=1023 Len=11"
"344012","4497.585900","34.158.0.131","192.168.50.133","TCP","65","4070  >  55697 [PSH, ACK] Seq=2300 Ack=16932 Win=16 Len=11"
"344020","4497.638672","192.168.50.133","34.158.0.131","TCP","54","55697  >  4070 [ACK] Seq=16932 Ack=2311 Win=1023 Len=0"
"353236","4557.498882","34.158.0.131","192.168.50.133","TCP","65","4070  >  55697 [PSH, ACK] Seq=2311 Ack=16932 Win=16 Len=11"
"353246","4557.543875","192.168.50.133","34.158.0.131","TCP","54","55697  >  4070 [ACK] Seq=16932 Ack=2322 Win=1023 Len=0"
"354726","4567.449263","192.168.50.133","34.158.0.131","TCP","620","55697  >  4070 [PSH, ACK] Seq=16932 Ack=2322 Win=1023 Len=566"
"354735","4567.474550","34.158.0.131","192.168.50.133","TCP","109","4070  >  55697 [PSH, ACK] Seq=2322 Ack=17498 Win=16 Len=55"
"354751","4567.529684","192.168.50.133","34.158.0.131","TCP","54","55697  >  4070 [ACK] Seq=17498 Ack=2377 Win=1023 Len=0"
"363545","4627.540184","192.168.50.133","34.158.0.131","TCP","65","55697  >  4070 [PSH, ACK] Seq=17498 Ack=2377 Win=1023 Len=11"
"363549","4627.565035","34.158.0.131","192.168.50.133","TCP","65","4070  >  55697 [PSH, ACK] Seq=2377 Ack=17509 Win=16 Len=11"
"363566","4627.618220","192.168.50.133","34.158.0.131","TCP","54","55697  >  4070 [ACK] Seq=17509 Ack=2388 Win=1023 Len=0"
"369739","4677.519965","34.158.0.131","192.168.50.133","TCP","65","4070  >  55697 [PSH, ACK] Seq=2388 Ack=17509 Win=16 Len=11"
"369743","4677.573181","192.168.50.133","34.158.0.131","TCP","54","55697  >  4070 [ACK] Seq=17509 Ack=2399 Win=1023 Len=0"
"378500","4737.626683","192.168.50.133","34.158.0.131","TCP","65","55697  >  4070 [PSH, ACK] Seq=17509 Ack=2399 Win=1023 Len=11"
"378503","4737.651507","34.158.0.131","192.168.50.133","TCP","65","4070  >  55697 [PSH, ACK] Seq=2399 Ack=17520 Win=16 Len=11"
"378504","4737.704064","192.168.50.133","34.158.0.131","TCP","54","55697  >  4070 [ACK] Seq=17520 Ack=2410 Win=1023 Len=0"
"379149","4779.018534","192.168.50.133","34.158.0.131","TCP","620","55697  >  4070 [PSH, ACK] Seq=17520 Ack=2410 Win=1023 Len=566"
"379151","4779.044123","34.158.0.131","192.168.50.133","TCP","109","4070  >  55697 [PSH, ACK] Seq=2410 Ack=18086 Win=16 Len=55"
"379154","4779.084647","192.168.50.133","34.158.0.131","TCP","54","55697  >  4070 [ACK] Seq=18086 Ack=2465 Win=1023 Len=0"
"379400","4797.525983","34.158.0.131","192.168.50.133","TCP","65","4070  >  55697 [PSH, ACK] Seq=2465 Ack=18086 Win=16 Len=11"
"379401","4797.570806","192.168.50.133","34.158.0.131","TCP","54","55697  >  4070 [ACK] Seq=18086 Ack=2476 Win=1022 Len=0"
"380535","4857.627441","192.168.50.133","34.158.0.131","TCP","65","55697  >  4070 [PSH, ACK] Seq=18086 Ack=2476 Win=1022 Len=11"
"380536","4857.652273","34.158.0.131","192.168.50.133","TCP","65","4070  >  55697 [PSH, ACK] Seq=2476 Ack=18097 Win=16 Len=11"
"380537","4857.704062","192.168.50.133","34.158.0.131","TCP","54","55697  >  4070 [ACK] Seq=18097 Ack=2487 Win=1022 Len=0"
"383352","4917.539408","34.158.0.131","192.168.50.133","TCP","65","4070  >  55697 [PSH, ACK] Seq=2487 Ack=18097 Win=16 Len=11"
"383356","4917.592007","192.168.50.133","34.158.0.131","TCP","54","55697  >  4070 [ACK] Seq=18097 Ack=2498 Win=1022 Len=0"
"385041","4957.871832","192.168.50.133","34.158.0.131","TCP","620","55697  >  4070 [PSH, ACK] Seq=18097 Ack=2498 Win=1022 Len=566"
"385043","4957.897093","34.158.0.131","192.168.50.133","TCP","109","4070  >  55697 [PSH, ACK] Seq=2498 Ack=18663 Win=16 Len=55"
"385046","4957.937804","192.168.50.133","34.158.0.131","TCP","54","55697  >  4070 [ACK] Seq=18663 Ack=2553 Win=1022 Len=0"
"388272","5018.003299","192.168.50.133","34.158.0.131","TCP","65","55697  >  4070 [PSH, ACK] Seq=18663 Ack=2553 Win=1022 Len=11"
"388273","5018.028068","34.158.0.131","192.168.50.133","TCP","65","4070  >  55697 [PSH, ACK] Seq=2553 Ack=18674 Win=16 Len=11"
"388274","5018.079475","192.168.50.133","34.158.0.131","TCP","54","55697  >  4070 [ACK] Seq=18674 Ack=2564 Win=1022 Len=0"
"388668","5037.552490","34.158.0.131","192.168.50.133","TCP","65","4070  >  55697 [PSH, ACK] Seq=2564 Ack=18674 Win=16 Len=11"
"388669","5037.599610","192.168.50.133","34.158.0.131","TCP","54","55697  >  4070 [ACK] Seq=18674 Ack=2575 Win=1022 Len=0"
"389345","5097.641352","192.168.50.133","34.158.0.131","TCP","65","55697  >  4070 [PSH, ACK] Seq=18674 Ack=2575 Win=1022 Len=11"
"389346","5097.666980","34.158.0.131","192.168.50.133","TCP","65","4070  >  55697 [PSH, ACK] Seq=2575 Ack=18685 Win=16 Len=11"
"389347","5097.718389","192.168.50.133","34.158.0.131","TCP","54","55697  >  4070 [ACK] Seq=18685 Ack=2586 Win=1022 Len=0"
"390654","5151.778514","192.168.50.133","34.158.0.131","TCP","620","55697  >  4070 [PSH, ACK] Seq=18685 Ack=2586 Win=1022 Len=566"
"390658","5151.803797","34.158.0.131","192.168.50.133","TCP","109","4070  >  55697 [PSH, ACK] Seq=2586 Ack=19251 Win=16 Len=55"
"390661","5151.858348","192.168.50.133","34.158.0.131","TCP","54","55697  >  4070 [ACK] Seq=19251 Ack=2641 Win=1022 Len=0"
"390718","5157.566074","34.158.0.131","192.168.50.133","TCP","65","4070  >  55697 [PSH, ACK] Seq=2641 Ack=19251 Win=16 Len=11"
"390719","5157.615662","192.168.50.133","34.158.0.131","TCP","54","55697  >  4070 [ACK] Seq=19251 Ack=2652 Win=1022 Len=0"
"392380","5217.621583","192.168.50.133","34.158.0.131","TCP","65","55697  >  4070 [PSH, ACK] Seq=19251 Ack=2652 Win=1022 Len=11"
"392383","5217.646375","34.158.0.131","192.168.50.133","TCP","65","4070  >  55697 [PSH, ACK] Seq=2652 Ack=19262 Win=16 Len=11"
"392387","5217.699923","192.168.50.133","34.158.0.131","TCP","54","55697  >  4070 [ACK] Seq=19262 Ack=2663 Win=1022 Len=0"
"393662","5249.563607","192.168.50.133","34.158.0.131","TCP","615","55697  >  4070 [PSH, ACK] Seq=19262 Ack=2663 Win=1022 Len=561"
"393667","5249.588800","34.158.0.131","192.168.50.133","TCP","109","4070  >  55697 [PSH, ACK] Seq=2663 Ack=19823 Win=16 Len=55"
"393671","5249.629993","192.168.50.133","34.158.0.131","TCP","54","55697  >  4070 [ACK] Seq=19823 Ack=2718 Win=1026 Len=0"
"394224","5277.579459","34.158.0.131","192.168.50.133","TCP","65","4070  >  55697 [PSH, ACK] Seq=2718 Ack=19823 Win=16 Len=11"
"394225","5277.624188","192.168.50.133","34.158.0.131","TCP","54","55697  >  4070 [ACK] Seq=19823 Ack=2729 Win=1026 Len=0"
"394935","5337.652119","192.168.50.133","34.158.0.131","TCP","65","55697  >  4070 [PSH, ACK] Seq=19823 Ack=2729 Win=1026 Len=11"
"394936","5337.677182","34.158.0.131","192.168.50.133","TCP","65","4070  >  55697 [PSH, ACK] Seq=2729 Ack=19834 Win=16 Len=11"
"394937","5337.730060","192.168.50.133","34.158.0.131","TCP","54","55697  >  4070 [ACK] Seq=19834 Ack=2740 Win=1026 Len=0"
"396163","5397.592592","34.158.0.131","192.168.50.133","TCP","65","4070  >  55697 [PSH, ACK] Seq=2740 Ack=19834 Win=16 Len=11"
"396168","5397.644356","192.168.50.133","34.158.0.131","TCP","54","55697  >  4070 [ACK] Seq=19834 Ack=2751 Win=1026 Len=0"
"396813","5410.089719","192.168.50.133","34.158.0.131","TCP","620","55697  >  4070 [PSH, ACK] Seq=19834 Ack=2751 Win=1026 Len=566"
"396815","5410.114913","34.158.0.131","192.168.50.133","TCP","109","4070  >  55697 [PSH, ACK] Seq=2751 Ack=20400 Win=16 Len=55"
"396830","5410.169063","192.168.50.133","34.158.0.131","TCP","54","55697  >  4070 [ACK] Seq=20400 Ack=2806 Win=1026 Len=0"
"412314","5470.171249","192.168.50.133","34.158.0.131","TCP","65","55697  >  4070 [PSH, ACK] Seq=20400 Ack=2806 Win=1026 Len=11"
"412315","5470.195984","34.158.0.131","192.168.50.133","TCP","65","4070  >  55697 [PSH, ACK] Seq=2806 Ack=20411 Win=16 Len=11"
"412316","5470.248727","192.168.50.133","34.158.0.131","TCP","54","55697  >  4070 [ACK] Seq=20411 Ack=2817 Win=1026 Len=0"
"414201","5517.605942","34.158.0.131","192.168.50.133","TCP","65","4070  >  55697 [PSH, ACK] Seq=2817 Ack=20411 Win=16 Len=11"
"414203","5517.655481","192.168.50.133","34.158.0.131","TCP","54","55697  >  4070 [ACK] Seq=20411 Ack=2828 Win=1026 Len=0"
"415175","5577.658073","192.168.50.133","34.158.0.131","TCP","65","55697  >  4070 [PSH, ACK] Seq=20411 Ack=2828 Win=1026 Len=11"
"415176","5577.682876","34.158.0.131","192.168.50.133","TCP","65","4070  >  55697 [PSH, ACK] Seq=2828 Ack=20422 Win=16 Len=11"
"415177","5577.736138","192.168.50.133","34.158.0.131","TCP","54","55697  >  4070 [ACK] Seq=20422 Ack=2839 Win=1026 Len=0"
"417352","5637.619582","34.158.0.131","192.168.50.133","TCP","65","4070  >  55697 [PSH, ACK] Seq=2839 Ack=20422 Win=16 Len=11"
"417359","5637.661598","192.168.50.133","34.158.0.131","TCP","54","55697  >  4070 [ACK] Seq=20422 Ack=2850 Win=1026 Len=0"
"418327","5641.659499","192.168.50.133","34.158.0.131","TCP","734","55697  >  4070 [PSH, ACK] Seq=20422 Ack=2850 Win=1026 Len=680"
"418330","5641.684998","34.158.0.131","192.168.50.133","TCP","109","4070  >  55697 [PSH, ACK] Seq=2850 Ack=21102 Win=16 Len=55"
"418331","5641.729382","192.168.50.133","34.158.0.131","TCP","54","55697  >  4070 [ACK] Seq=21102 Ack=2905 Win=1026 Len=0"
